{
"type": "FeatureCollection",
"features": [
{ "type": "Feature", "properties": { "event_type": "2-Volcanic Activity", "obj_desc": "Vent", "det_method": "Photo-interpretation", "notation": "Not Applicable", "dmg_src_id": 33, "thick_mm": 0.000000 }, "geometry": { "type": "Point", "coordinates": [ -17.864527, 28.612911 ] } }
,
{ "type": "Feature", "properties": { "event_type": "2-Volcanic Activity", "obj_desc": "Vent", "det_method": "Photo-interpretation", "notation": "Not Applicable", "dmg_src_id": 33, "thick_mm": 0.000000 }, "geometry": { "type": "Point", "coordinates": [ -17.864865, 28.613284 ] } }
,
{ "type": "Feature", "properties": { "event_type": "2-Volcanic Activity", "obj_desc": "Vent", "det_method": "Photo-interpretation", "notation": "Not Applicable", "dmg_src_id": 33, "thick_mm": 0.000000 }, "geometry": { "type": "Point", "coordinates": [ -17.870720, 28.615306 ] } }
,
{ "type": "Feature", "properties": { "event_type": "2-Volcanic Activity", "obj_desc": "Vent", "det_method": "Photo-interpretation", "notation": "Not Applicable", "dmg_src_id": 33, "thick_mm": 0.000000 }, "geometry": { "type": "Point", "coordinates": [ -17.870116, 28.616812 ] } }
,
{ "type": "Feature", "properties": { "event_type": "2-Volcanic Activity", "obj_desc": "Vent", "det_method": "Photo-interpretation", "notation": "Not Applicable", "dmg_src_id": 33, "thick_mm": 0.000000 }, "geometry": { "type": "Point", "coordinates": [ -17.869451, 28.614165 ] } }
,
{ "type": "Feature", "properties": { "event_type": "2-Volcanic Activity", "obj_desc": "Vent", "det_method": "Photo-interpretation", "notation": "Not Applicable", "dmg_src_id": 33, "thick_mm": 0.000000 }, "geometry": { "type": "Point", "coordinates": [ -17.868019, 28.613944 ] } }
,
{ "type": "Feature", "properties": { "event_type": "2-Volcanic Activity", "obj_desc": "Vent", "det_method": "Photo-interpretation", "notation": "Not Applicable", "dmg_src_id": 33, "thick_mm": 0.000000 }, "geometry": { "type": "Point", "coordinates": [ -17.866467, 28.613495 ] } }
,
{ "type": "Feature", "properties": { "event_type": "2-Volcanic Activity", "obj_desc": "Vent", "det_method": "Photo-interpretation", "notation": "Not Applicable", "dmg_src_id": 33, "thick_mm": 0.000000 }, "geometry": { "type": "Point", "coordinates": [ -17.865515, 28.612789 ] } }

]
}
