{
"type": "FeatureCollection",
"features": [
{ "type": "Feature", "properties": { "event_type": "2-Volcanic Activity", "obj_desc": "Lava flow", "det_method": "Photo-interpretation", "notation": "Not Applicable", "dmg_src_id": 4 }, "geometry": { "type": "Point", "coordinates": [ -17.869712, 28.615787 ] } }
,
{ "type": "Feature", "properties": { "event_type": "2-Volcanic Activity", "obj_desc": "Lava flow", "det_method": "Photo-interpretation", "notation": "Not Applicable", "dmg_src_id": 4 }, "geometry": { "type": "Point", "coordinates": [ -17.869004, 28.615246 ] } }
,
{ "type": "Feature", "properties": { "event_type": "2-Volcanic Activity", "obj_desc": "Lava flow", "det_method": "Photo-interpretation", "notation": "Not Applicable", "dmg_src_id": 4 }, "geometry": { "type": "Point", "coordinates": [ -17.868079, 28.614538 ] } }

]
}
