{
"type": "FeatureCollection",
"features": [
{ "type": "Feature", "properties": { "obj_type": "CA010-Elevation Contour", "name": "Unknown", "elev": 300, "notation": "Not Applicable", "or_src_id": 991 }, "geometry": { "type": "MultiLineString", "coordinates": [ [ [ -17.926691, 28.651706 ], [ -17.926947, 28.651573 ], [ -17.927780, 28.651627 ], [ -17.927946, 28.651706 ], [ -17.928612, 28.652261 ], [ -17.928708, 28.652539 ], [ -17.928675, 28.652833 ] ], [ [ -17.925919, 28.653180 ], [ -17.925963, 28.652539 ], [ -17.926115, 28.652387 ], [ -17.926691, 28.651706 ] ] ] } }
,
{ "type": "Feature", "properties": { "obj_type": "CA010-Elevation Contour", "name": "Unknown", "elev": 0, "notation": "Not Applicable", "or_src_id": 991 }, "geometry": { "type": "LineString", "coordinates": [ [ -17.946035, 28.646294 ], [ -17.946005, 28.646710 ], [ -17.945568, 28.647543 ], [ -17.946098, 28.648190 ], [ -17.946514, 28.648190 ] ] } }
,
{ "type": "Feature", "properties": { "obj_type": "CA010-Elevation Contour", "name": "Unknown", "elev": 300, "notation": "Not Applicable", "or_src_id": 991 }, "geometry": { "type": "LineString", "coordinates": [ [ -17.915931, 28.628392 ], [ -17.916123, 28.628261 ], [ -17.916956, 28.628197 ], [ -17.917431, 28.628392 ], [ -17.917788, 28.628655 ], [ -17.918149, 28.629225 ], [ -17.918343, 28.630058 ], [ -17.918251, 28.630890 ], [ -17.917788, 28.631219 ], [ -17.916956, 28.631317 ], [ -17.916123, 28.631098 ], [ -17.915707, 28.630890 ], [ -17.915290, 28.630567 ], [ -17.914874, 28.630058 ], [ -17.914920, 28.629225 ], [ -17.915290, 28.628855 ], [ -17.915931, 28.628392 ] ] } }
,
{ "type": "Feature", "properties": { "obj_type": "CA010-Elevation Contour", "name": "Unknown", "elev": 1300, "notation": "Not Applicable", "or_src_id": 991 }, "geometry": { "type": "LineString", "coordinates": [ [ -17.841187, 28.623258 ], [ -17.842019, 28.623234 ], [ -17.842625, 28.623397 ], [ -17.842852, 28.623468 ], [ -17.843592, 28.624229 ], [ -17.843193, 28.625062 ], [ -17.842852, 28.625372 ], [ -17.842019, 28.625798 ], [ -17.841187, 28.625124 ], [ -17.841134, 28.625062 ], [ -17.840411, 28.624229 ], [ -17.840874, 28.623397 ], [ -17.841187, 28.623258 ] ] } }
,
{ "type": "Feature", "properties": { "obj_type": "CA010-Elevation Contour", "name": "Unknown", "elev": 1500, "notation": "Not Applicable", "or_src_id": 991 }, "geometry": { "type": "LineString", "coordinates": [ [ -17.835935, 28.615903 ], [ -17.835358, 28.616652 ], [ -17.835081, 28.615903 ], [ -17.835358, 28.615528 ], [ -17.835935, 28.615903 ] ] } }
,
{ "type": "Feature", "properties": { "obj_type": "CA010-Elevation Contour", "name": "Unknown", "elev": 300, "notation": "Not Applicable", "or_src_id": 991 }, "geometry": { "type": "LineString", "coordinates": [ [ -17.915013, 28.615070 ], [ -17.915290, 28.614963 ], [ -17.915475, 28.615070 ], [ -17.915707, 28.615903 ], [ -17.916123, 28.616458 ], [ -17.916257, 28.616736 ], [ -17.916123, 28.616934 ], [ -17.915296, 28.617568 ], [ -17.915290, 28.617570 ], [ -17.915251, 28.617568 ], [ -17.914458, 28.617524 ], [ -17.913625, 28.617248 ], [ -17.912793, 28.617033 ], [ -17.912446, 28.616736 ], [ -17.912083, 28.615903 ], [ -17.912793, 28.615219 ], [ -17.913625, 28.615478 ], [ -17.914458, 28.615317 ], [ -17.915013, 28.615070 ] ] } }
,
{ "type": "Feature", "properties": { "obj_type": "CA010-Elevation Contour", "name": "Unknown", "elev": 1700, "notation": "Not Applicable", "or_src_id": 991 }, "geometry": { "type": "LineString", "coordinates": [ [ -17.842852, 28.600812 ], [ -17.842779, 28.600916 ], [ -17.842852, 28.600969 ], [ -17.843185, 28.600916 ], [ -17.842852, 28.600812 ] ] } }
,
{ "type": "Feature", "properties": { "obj_type": "CA010-Elevation Contour", "name": "Unknown", "elev": 1600, "notation": "Not Applicable", "or_src_id": 991 }, "geometry": { "type": "LineString", "coordinates": [ [ -17.827864, 28.599055 ], [ -17.827993, 28.599250 ], [ -17.827864, 28.599621 ], [ -17.827642, 28.599250 ], [ -17.827864, 28.599055 ] ] } }
,
{ "type": "Feature", "properties": { "obj_type": "CA010-Elevation Contour", "name": "Unknown", "elev": 1800, "notation": "Not Applicable", "or_src_id": 991 }, "geometry": { "type": "LineString", "coordinates": [ [ -17.838862, 28.594255 ], [ -17.838689, 28.594403 ], [ -17.838368, 28.594255 ], [ -17.838689, 28.593908 ], [ -17.838862, 28.594255 ] ] } }
,
{ "type": "Feature", "properties": { "obj_type": "CA010-Elevation Contour", "name": "Unknown", "elev": 1900, "notation": "Not Applicable", "or_src_id": 991 }, "geometry": { "type": "LineString", "coordinates": [ [ -17.833693, 28.582594 ], [ -17.833720, 28.582598 ], [ -17.834192, 28.583431 ], [ -17.833693, 28.583583 ], [ -17.833393, 28.583431 ], [ -17.833688, 28.582598 ], [ -17.833693, 28.582594 ] ] } }
,
{ "type": "Feature", "properties": { "obj_type": "CA010-Elevation Contour", "name": "Unknown", "elev": 1900, "notation": "Not Applicable", "or_src_id": 991 }, "geometry": { "type": "LineString", "coordinates": [ [ -17.837023, 28.579942 ], [ -17.837257, 28.580100 ], [ -17.837469, 28.580933 ], [ -17.837250, 28.581765 ], [ -17.837023, 28.582241 ], [ -17.836191, 28.582072 ], [ -17.835358, 28.581774 ], [ -17.835352, 28.581765 ], [ -17.835358, 28.581758 ], [ -17.836191, 28.581037 ], [ -17.836243, 28.580933 ], [ -17.836635, 28.580100 ], [ -17.837023, 28.579942 ] ] } }
,
{ "type": "Feature", "properties": { "obj_type": "CA010-Elevation Contour", "name": "Unknown", "elev": 1800, "notation": "Not Applicable", "or_src_id": 991 }, "geometry": { "type": "LineString", "coordinates": [ [ -17.842215, 28.572280 ], [ -17.842162, 28.572606 ], [ -17.842246, 28.573439 ], [ -17.842194, 28.574272 ], [ -17.842128, 28.575104 ], [ -17.842019, 28.575461 ], [ -17.841742, 28.575937 ], [ -17.841187, 28.576603 ], [ -17.841048, 28.576769 ], [ -17.841187, 28.576867 ], [ -17.842019, 28.577299 ], [ -17.842685, 28.577602 ], [ -17.842852, 28.577840 ], [ -17.843000, 28.578435 ], [ -17.843090, 28.579267 ], [ -17.843155, 28.580100 ], [ -17.842852, 28.580484 ], [ -17.842403, 28.580933 ], [ -17.842307, 28.581765 ], [ -17.842019, 28.582265 ], [ -17.841187, 28.582081 ], [ -17.840952, 28.581765 ], [ -17.840354, 28.581299 ], [ -17.839743, 28.580933 ], [ -17.839521, 28.580802 ], [ -17.839255, 28.580933 ], [ -17.838691, 28.581765 ], [ -17.839105, 28.582598 ], [ -17.839521, 28.582941 ], [ -17.840278, 28.583431 ], [ -17.840354, 28.583544 ], [ -17.840833, 28.584263 ], [ -17.840400, 28.585096 ], [ -17.840354, 28.585179 ], [ -17.840175, 28.585928 ], [ -17.839912, 28.586761 ], [ -17.839799, 28.587594 ], [ -17.839799, 28.588426 ], [ -17.839799, 28.589259 ], [ -17.840045, 28.590092 ], [ -17.840007, 28.590924 ], [ -17.839521, 28.591157 ], [ -17.838689, 28.591365 ], [ -17.838480, 28.591757 ], [ -17.837856, 28.592446 ], [ -17.837023, 28.592431 ], [ -17.836499, 28.591757 ], [ -17.836598, 28.590924 ], [ -17.836936, 28.590092 ], [ -17.837023, 28.589675 ], [ -17.837208, 28.589259 ], [ -17.837023, 28.589021 ], [ -17.836778, 28.588426 ], [ -17.836826, 28.587594 ], [ -17.836534, 28.586761 ], [ -17.836191, 28.586275 ], [ -17.835794, 28.585928 ], [ -17.835358, 28.585613 ], [ -17.834526, 28.585621 ], [ -17.833693, 28.585397 ], [ -17.833163, 28.585096 ], [ -17.832860, 28.584892 ], [ -17.832191, 28.584263 ], [ -17.832028, 28.584089 ], [ -17.831483, 28.583431 ], [ -17.831195, 28.583193 ], [ -17.830721, 28.582598 ], [ -17.830953, 28.581765 ], [ -17.831195, 28.581233 ], [ -17.831375, 28.580933 ], [ -17.831669, 28.580100 ], [ -17.832028, 28.579592 ], [ -17.832353, 28.579267 ], [ -17.832860, 28.578794 ], [ -17.833519, 28.578435 ], [ -17.833693, 28.578316 ], [ -17.834526, 28.577896 ], [ -17.835294, 28.577602 ], [ -17.835358, 28.577533 ], [ -17.835636, 28.577602 ], [ -17.836191, 28.577660 ], [ -17.837023, 28.577730 ], [ -17.837856, 28.577658 ], [ -17.837923, 28.577602 ], [ -17.838134, 28.576769 ], [ -17.837856, 28.576492 ], [ -17.837232, 28.575937 ], [ -17.837023, 28.575866 ], [ -17.836191, 28.575573 ], [ -17.835402, 28.575104 ], [ -17.835437, 28.574272 ], [ -17.835537, 28.573439 ], [ -17.835793, 28.573111 ] ] } }
,
{ "type": "Feature", "properties": { "obj_type": "CA010-Elevation Contour", "name": "Unknown", "elev": 1700, "notation": "Not Applicable", "or_src_id": 991 }, "geometry": { "type": "LineString", "coordinates": [ [ -17.844230, 28.572019 ], [ -17.844316, 28.572606 ], [ -17.844446, 28.573439 ], [ -17.844517, 28.573631 ], [ -17.844755, 28.574272 ], [ -17.844980, 28.575104 ], [ -17.845029, 28.575937 ], [ -17.845350, 28.576457 ], [ -17.845501, 28.576769 ], [ -17.845649, 28.577602 ], [ -17.845627, 28.578435 ], [ -17.845352, 28.579267 ], [ -17.845350, 28.579284 ], [ -17.845259, 28.580100 ], [ -17.845222, 28.580933 ], [ -17.845063, 28.581765 ], [ -17.844674, 28.582598 ], [ -17.844647, 28.583431 ], [ -17.844924, 28.584263 ], [ -17.845162, 28.585096 ], [ -17.844779, 28.585928 ], [ -17.844517, 28.586602 ], [ -17.844413, 28.586761 ], [ -17.843684, 28.587565 ], [ -17.843663, 28.587594 ], [ -17.843684, 28.588351 ], [ -17.844517, 28.588260 ], [ -17.844549, 28.588426 ], [ -17.844517, 28.588486 ], [ -17.843684, 28.588447 ], [ -17.842852, 28.589085 ], [ -17.842685, 28.589259 ], [ -17.842852, 28.589779 ], [ -17.842956, 28.590092 ], [ -17.843684, 28.590820 ], [ -17.843724, 28.590924 ], [ -17.844165, 28.591757 ], [ -17.844434, 28.592589 ], [ -17.844517, 28.592946 ], [ -17.844594, 28.593422 ], [ -17.844615, 28.594255 ], [ -17.844643, 28.595087 ], [ -17.844521, 28.595920 ], [ -17.844517, 28.595947 ], [ -17.844267, 28.596753 ], [ -17.844239, 28.597585 ], [ -17.844517, 28.597918 ], [ -17.844951, 28.598418 ], [ -17.845188, 28.599250 ], [ -17.845017, 28.600083 ], [ -17.844517, 28.600782 ], [ -17.844041, 28.600916 ], [ -17.844465, 28.601748 ], [ -17.844517, 28.601790 ], [ -17.844956, 28.602581 ], [ -17.845236, 28.603414 ], [ -17.845350, 28.603770 ], [ -17.845425, 28.604246 ], [ -17.845352, 28.605079 ], [ -17.845350, 28.605082 ], [ -17.844517, 28.605180 ], [ -17.844332, 28.605079 ], [ -17.844248, 28.604246 ], [ -17.843798, 28.603414 ], [ -17.843684, 28.603340 ], [ -17.843457, 28.603414 ], [ -17.842852, 28.604080 ], [ -17.842822, 28.604246 ], [ -17.842852, 28.604385 ], [ -17.843199, 28.605079 ], [ -17.842852, 28.605719 ], [ -17.842789, 28.605911 ], [ -17.842019, 28.606612 ], [ -17.841676, 28.606744 ], [ -17.841187, 28.606933 ], [ -17.840354, 28.607230 ], [ -17.839521, 28.606898 ], [ -17.839332, 28.606744 ], [ -17.838689, 28.606239 ], [ -17.838393, 28.605911 ], [ -17.838665, 28.605079 ], [ -17.838689, 28.605041 ], [ -17.839126, 28.604246 ], [ -17.839116, 28.603414 ], [ -17.838758, 28.602581 ], [ -17.838689, 28.602483 ], [ -17.838243, 28.601748 ], [ -17.837856, 28.601072 ], [ -17.837767, 28.600916 ], [ -17.837532, 28.600083 ], [ -17.837600, 28.599250 ], [ -17.837856, 28.598806 ], [ -17.838147, 28.598418 ], [ -17.838689, 28.597816 ], [ -17.838843, 28.597585 ], [ -17.838689, 28.597169 ], [ -17.838368, 28.596753 ], [ -17.837856, 28.596577 ], [ -17.837023, 28.596164 ], [ -17.836548, 28.595920 ], [ -17.836191, 28.595385 ], [ -17.835983, 28.595087 ], [ -17.835358, 28.594520 ], [ -17.835067, 28.594255 ], [ -17.834721, 28.593422 ], [ -17.834879, 28.592589 ], [ -17.834953, 28.591757 ], [ -17.834770, 28.590924 ], [ -17.834866, 28.590092 ], [ -17.834734, 28.589259 ], [ -17.834526, 28.588791 ], [ -17.834325, 28.588426 ], [ -17.833693, 28.587722 ], [ -17.833437, 28.587594 ], [ -17.832860, 28.587177 ], [ -17.832444, 28.586761 ], [ -17.832028, 28.586345 ], [ -17.831195, 28.586458 ], [ -17.830362, 28.586523 ], [ -17.830143, 28.585928 ], [ -17.830362, 28.585697 ], [ -17.830854, 28.585096 ], [ -17.830438, 28.584263 ], [ -17.830362, 28.584078 ], [ -17.830056, 28.583431 ], [ -17.829675, 28.582598 ], [ -17.829762, 28.581765 ], [ -17.829974, 28.580933 ], [ -17.830207, 28.580100 ], [ -17.830362, 28.579708 ], [ -17.830545, 28.579267 ], [ -17.830935, 28.578435 ], [ -17.831151, 28.577602 ], [ -17.831195, 28.577498 ], [ -17.831538, 28.576769 ], [ -17.832020, 28.575937 ], [ -17.832028, 28.575931 ], [ -17.832629, 28.575104 ], [ -17.832856, 28.574272 ], [ -17.832860, 28.574262 ], [ -17.833132, 28.573455 ] ] } }
,
{ "type": "Feature", "properties": { "obj_type": "CA010-Elevation Contour", "name": "Unknown", "elev": 1600, "notation": "Not Applicable", "or_src_id": 991 }, "geometry": { "type": "LineString", "coordinates": [ [ -17.846644, 28.571707 ], [ -17.846687, 28.571774 ], [ -17.847015, 28.572495 ], [ -17.847113, 28.572606 ], [ -17.847491, 28.573439 ], [ -17.847723, 28.574272 ], [ -17.847848, 28.574450 ], [ -17.848246, 28.575104 ], [ -17.848299, 28.575937 ], [ -17.848520, 28.576769 ], [ -17.848680, 28.577463 ], [ -17.848716, 28.577602 ], [ -17.848680, 28.578018 ], [ -17.848639, 28.578435 ], [ -17.848555, 28.579267 ], [ -17.848165, 28.580100 ], [ -17.847848, 28.580766 ], [ -17.847786, 28.580933 ], [ -17.847469, 28.581765 ], [ -17.847217, 28.582598 ], [ -17.847015, 28.582794 ], [ -17.846554, 28.583431 ], [ -17.846901, 28.584263 ], [ -17.847015, 28.584501 ], [ -17.847327, 28.585096 ], [ -17.847015, 28.585499 ], [ -17.846712, 28.585928 ], [ -17.846182, 28.586497 ], [ -17.846005, 28.586761 ], [ -17.846182, 28.587438 ], [ -17.846231, 28.587594 ], [ -17.846737, 28.588426 ], [ -17.846724, 28.589259 ], [ -17.846182, 28.589814 ], [ -17.845690, 28.590092 ], [ -17.845350, 28.590532 ], [ -17.845211, 28.590924 ], [ -17.845350, 28.591146 ], [ -17.845888, 28.591757 ], [ -17.846097, 28.592589 ], [ -17.846182, 28.592798 ], [ -17.846599, 28.593422 ], [ -17.846946, 28.594255 ], [ -17.847015, 28.594754 ], [ -17.847143, 28.595087 ], [ -17.847681, 28.595920 ], [ -17.847039, 28.596753 ], [ -17.847177, 28.597585 ], [ -17.847848, 28.598210 ], [ -17.848125, 28.598418 ], [ -17.848439, 28.599250 ], [ -17.848253, 28.600083 ], [ -17.847872, 28.600916 ], [ -17.847976, 28.601748 ], [ -17.847848, 28.601933 ], [ -17.847362, 28.602581 ], [ -17.847187, 28.603414 ], [ -17.847292, 28.604246 ], [ -17.847714, 28.605079 ], [ -17.847848, 28.605356 ], [ -17.848403, 28.605911 ], [ -17.848680, 28.606578 ], [ -17.849050, 28.605911 ], [ -17.849513, 28.605713 ], [ -17.849721, 28.605911 ], [ -17.850068, 28.606744 ], [ -17.849513, 28.607251 ], [ -17.848680, 28.606769 ], [ -17.848628, 28.606744 ], [ -17.847848, 28.606201 ], [ -17.847113, 28.606744 ], [ -17.847015, 28.606823 ], [ -17.846182, 28.607292 ], [ -17.845350, 28.607311 ], [ -17.844517, 28.607419 ], [ -17.843869, 28.607577 ], [ -17.843684, 28.607632 ], [ -17.842852, 28.607947 ], [ -17.842019, 28.608347 ], [ -17.841927, 28.608409 ], [ -17.841187, 28.608949 ], [ -17.840354, 28.609148 ], [ -17.839799, 28.609242 ], [ -17.839521, 28.609293 ], [ -17.838689, 28.609324 ], [ -17.838168, 28.609242 ], [ -17.837856, 28.609161 ], [ -17.837023, 28.608954 ], [ -17.836191, 28.608590 ], [ -17.836031, 28.608409 ], [ -17.835358, 28.607615 ], [ -17.835340, 28.607577 ], [ -17.835257, 28.606744 ], [ -17.835358, 28.606424 ], [ -17.835580, 28.605911 ], [ -17.836015, 28.605079 ], [ -17.835428, 28.604246 ], [ -17.835358, 28.604197 ], [ -17.834618, 28.603414 ], [ -17.834526, 28.603321 ], [ -17.833693, 28.602975 ], [ -17.833116, 28.602581 ], [ -17.832860, 28.602448 ], [ -17.832028, 28.601956 ], [ -17.831819, 28.601748 ], [ -17.832028, 28.601193 ], [ -17.832087, 28.600916 ], [ -17.832085, 28.600083 ], [ -17.832028, 28.599845 ], [ -17.831195, 28.599574 ], [ -17.830547, 28.599250 ], [ -17.830362, 28.599013 ], [ -17.830131, 28.598418 ], [ -17.830215, 28.597585 ], [ -17.830362, 28.597273 ], [ -17.830623, 28.596753 ], [ -17.831112, 28.595920 ], [ -17.831195, 28.595753 ], [ -17.831587, 28.595087 ], [ -17.831559, 28.594255 ], [ -17.831643, 28.593422 ], [ -17.831195, 28.592774 ], [ -17.831028, 28.592589 ], [ -17.830362, 28.591984 ], [ -17.830184, 28.591757 ], [ -17.829530, 28.591146 ], [ -17.828697, 28.591028 ], [ -17.827864, 28.590982 ], [ -17.827698, 28.590924 ], [ -17.827864, 28.590686 ], [ -17.827991, 28.590092 ], [ -17.828018, 28.589259 ], [ -17.827864, 28.589051 ], [ -17.827032, 28.589226 ], [ -17.826962, 28.589259 ], [ -17.826199, 28.589741 ], [ -17.825860, 28.589259 ], [ -17.825984, 28.588426 ], [ -17.825700, 28.587594 ], [ -17.825630, 28.586761 ], [ -17.826171, 28.585928 ], [ -17.826199, 28.585906 ], [ -17.827032, 28.585500 ], [ -17.827675, 28.585096 ], [ -17.827837, 28.584263 ], [ -17.827365, 28.583431 ], [ -17.827499, 28.582598 ], [ -17.827864, 28.581809 ], [ -17.827883, 28.581765 ], [ -17.827864, 28.581008 ], [ -17.827859, 28.580933 ], [ -17.827157, 28.580100 ], [ -17.827032, 28.579684 ], [ -17.826951, 28.579267 ], [ -17.827032, 28.578851 ], [ -17.827140, 28.578435 ], [ -17.827032, 28.578018 ], [ -17.826865, 28.577602 ], [ -17.826477, 28.576769 ], [ -17.826437, 28.575937 ], [ -17.826199, 28.575125 ], [ -17.826193, 28.575104 ], [ -17.826016, 28.574376 ] ] } }
,
{ "type": "Feature", "properties": { "obj_type": "CA010-Elevation Contour", "name": "Unknown", "elev": 1500, "notation": "Not Applicable", "or_src_id": 991 }, "geometry": { "type": "MultiLineString", "coordinates": [ [ [ -17.849470, 28.571341 ], [ -17.849513, 28.571382 ], [ -17.849989, 28.571774 ], [ -17.850345, 28.572068 ], [ -17.850854, 28.572606 ], [ -17.851178, 28.573433 ], [ -17.851180, 28.573439 ], [ -17.851234, 28.574272 ], [ -17.851240, 28.575104 ], [ -17.851178, 28.575342 ], [ -17.851059, 28.575937 ], [ -17.851155, 28.576769 ], [ -17.851178, 28.576816 ], [ -17.851793, 28.577602 ], [ -17.852011, 28.577986 ], [ -17.852227, 28.578435 ], [ -17.852115, 28.579267 ], [ -17.852011, 28.579767 ], [ -17.851949, 28.580100 ], [ -17.851544, 28.580933 ], [ -17.851178, 28.581637 ], [ -17.851086, 28.581765 ], [ -17.850459, 28.582598 ], [ -17.850345, 28.582776 ], [ -17.849909, 28.583431 ], [ -17.849979, 28.584263 ], [ -17.850345, 28.584802 ], [ -17.850512, 28.585096 ], [ -17.850715, 28.585928 ], [ -17.850345, 28.586067 ], [ -17.849513, 28.586395 ], [ -17.848750, 28.586761 ], [ -17.848799, 28.587594 ], [ -17.849279, 28.588426 ], [ -17.849096, 28.589259 ], [ -17.848680, 28.590016 ], [ -17.848619, 28.590092 ], [ -17.848242, 28.590924 ], [ -17.848229, 28.591757 ], [ -17.848680, 28.592173 ], [ -17.849029, 28.592589 ], [ -17.849513, 28.592938 ], [ -17.850345, 28.593300 ], [ -17.850519, 28.593422 ], [ -17.850742, 28.594255 ], [ -17.850536, 28.595087 ], [ -17.850965, 28.595920 ], [ -17.851178, 28.596378 ], [ -17.851370, 28.596753 ], [ -17.851178, 28.596919 ], [ -17.850345, 28.597312 ], [ -17.849760, 28.597585 ], [ -17.850210, 28.598418 ], [ -17.850345, 28.598973 ], [ -17.850401, 28.599250 ], [ -17.850345, 28.599563 ], [ -17.850249, 28.600083 ], [ -17.850203, 28.600916 ], [ -17.850236, 28.601748 ], [ -17.850345, 28.602165 ], [ -17.850436, 28.602581 ], [ -17.850574, 28.603414 ], [ -17.851035, 28.604246 ], [ -17.851178, 28.604431 ], [ -17.851585, 28.605079 ], [ -17.851963, 28.605911 ], [ -17.851978, 28.606744 ], [ -17.851545, 28.607577 ], [ -17.851178, 28.608120 ], [ -17.850940, 28.608409 ], [ -17.850345, 28.608756 ], [ -17.849513, 28.609114 ], [ -17.848690, 28.609242 ], [ -17.848680, 28.609244 ], [ -17.847848, 28.609267 ], [ -17.847015, 28.609504 ], [ -17.846182, 28.609908 ], [ -17.846024, 28.610075 ], [ -17.845350, 28.610664 ], [ -17.844517, 28.610876 ], [ -17.844425, 28.610907 ], [ -17.843684, 28.611137 ], [ -17.843081, 28.611740 ], [ -17.842852, 28.611936 ], [ -17.842019, 28.612310 ], [ -17.841187, 28.611960 ], [ -17.840830, 28.611740 ], [ -17.840354, 28.611437 ], [ -17.839521, 28.611555 ], [ -17.838689, 28.611254 ], [ -17.837856, 28.611274 ], [ -17.837023, 28.611588 ], [ -17.836653, 28.611740 ], [ -17.836191, 28.611894 ], [ -17.835358, 28.611789 ], [ -17.835150, 28.611740 ], [ -17.834526, 28.611573 ], [ -17.833693, 28.611437 ], [ -17.833110, 28.610907 ], [ -17.832964, 28.610075 ], [ -17.832860, 28.609797 ], [ -17.832557, 28.609242 ], [ -17.832851, 28.608409 ], [ -17.832213, 28.607577 ], [ -17.832028, 28.607410 ], [ -17.831636, 28.606744 ], [ -17.831334, 28.605911 ], [ -17.831195, 28.605703 ], [ -17.830795, 28.605079 ], [ -17.830362, 28.604760 ], [ -17.829634, 28.604246 ], [ -17.829530, 28.604171 ], [ -17.828816, 28.603414 ], [ -17.828697, 28.603205 ], [ -17.828198, 28.602581 ], [ -17.827864, 28.602367 ], [ -17.827344, 28.602581 ], [ -17.827032, 28.602692 ], [ -17.826199, 28.602968 ], [ -17.825370, 28.603414 ], [ -17.825367, 28.603417 ], [ -17.824716, 28.604246 ], [ -17.824534, 28.604418 ], [ -17.824004, 28.604246 ], [ -17.823701, 28.604113 ], [ -17.823053, 28.603543 ] ], [ [ -17.823016, 28.603296 ], [ -17.823676, 28.602581 ], [ -17.823701, 28.602442 ], [ -17.823900, 28.601748 ], [ -17.824054, 28.600916 ], [ -17.823749, 28.600083 ], [ -17.823835, 28.599250 ], [ -17.824048, 28.598418 ], [ -17.824451, 28.597585 ], [ -17.823701, 28.597297 ], [ -17.822915, 28.596753 ], [ -17.823545, 28.595920 ], [ -17.823701, 28.595837 ], [ -17.824534, 28.595504 ], [ -17.824923, 28.595087 ], [ -17.824912, 28.594255 ], [ -17.824534, 28.593792 ], [ -17.824349, 28.593422 ], [ -17.823701, 28.592774 ], [ -17.823368, 28.592589 ], [ -17.822869, 28.592205 ], [ -17.822036, 28.591965 ], [ -17.821537, 28.591757 ], [ -17.821237, 28.591632 ] ], [ [ -17.820661, 28.587853 ], [ -17.821014, 28.587594 ], [ -17.821203, 28.587296 ], [ -17.821739, 28.586761 ], [ -17.822036, 28.586345 ], [ -17.822203, 28.585928 ], [ -17.822709, 28.585096 ], [ -17.822869, 28.584501 ], [ -17.822997, 28.584263 ], [ -17.823061, 28.583431 ], [ -17.823582, 28.582598 ], [ -17.823261, 28.581765 ], [ -17.822913, 28.580933 ], [ -17.822982, 28.580100 ], [ -17.822869, 28.579788 ], [ -17.822591, 28.579267 ], [ -17.822234, 28.578435 ], [ -17.822036, 28.578018 ], [ -17.821805, 28.577602 ], [ -17.821585, 28.576769 ], [ -17.821654, 28.575937 ], [ -17.821692, 28.575104 ], [ -17.821688, 28.574936 ] ] ] } }
,
{ "type": "Feature", "properties": { "obj_type": "CA010-Elevation Contour", "name": "Unknown", "elev": 1400, "notation": "Not Applicable", "or_src_id": 991 }, "geometry": { "type": "MultiLineString", "coordinates": [ [ [ -17.852160, 28.570993 ], [ -17.852768, 28.571774 ], [ -17.852843, 28.571899 ], [ -17.853315, 28.572606 ], [ -17.853676, 28.573208 ], [ -17.853857, 28.573439 ], [ -17.854293, 28.574272 ], [ -17.854509, 28.574919 ], [ -17.854575, 28.575104 ], [ -17.854509, 28.575312 ], [ -17.854342, 28.575937 ], [ -17.854330, 28.576769 ], [ -17.854509, 28.576962 ], [ -17.855266, 28.577602 ], [ -17.855341, 28.577787 ], [ -17.855574, 28.578435 ], [ -17.855344, 28.579267 ], [ -17.855341, 28.579279 ], [ -17.855108, 28.580100 ], [ -17.855029, 28.580933 ], [ -17.854690, 28.581765 ], [ -17.854509, 28.582010 ], [ -17.854054, 28.582598 ], [ -17.853676, 28.583060 ], [ -17.853461, 28.583431 ], [ -17.853300, 28.584263 ], [ -17.853343, 28.585096 ], [ -17.853486, 28.585928 ], [ -17.853501, 28.586761 ], [ -17.853676, 28.587153 ], [ -17.854033, 28.587594 ], [ -17.854289, 28.588426 ], [ -17.853731, 28.589259 ], [ -17.853676, 28.589351 ], [ -17.852936, 28.590092 ], [ -17.852843, 28.590369 ], [ -17.852756, 28.590924 ], [ -17.852677, 28.591757 ], [ -17.852843, 28.592090 ], [ -17.852995, 28.592589 ], [ -17.853676, 28.593419 ], [ -17.853679, 28.593422 ], [ -17.853703, 28.594255 ], [ -17.853676, 28.594304 ], [ -17.853272, 28.595087 ], [ -17.853282, 28.595920 ], [ -17.853270, 28.596753 ], [ -17.852843, 28.597299 ], [ -17.852648, 28.597585 ], [ -17.852045, 28.598418 ], [ -17.852337, 28.599250 ], [ -17.852296, 28.600083 ], [ -17.852334, 28.600916 ], [ -17.852280, 28.601748 ], [ -17.852541, 28.602581 ], [ -17.852843, 28.603407 ], [ -17.852846, 28.603414 ], [ -17.853206, 28.604246 ], [ -17.853676, 28.605075 ], [ -17.853678, 28.605079 ], [ -17.853928, 28.605911 ], [ -17.853941, 28.606744 ], [ -17.853731, 28.607577 ], [ -17.853676, 28.607716 ], [ -17.853297, 28.608409 ], [ -17.852843, 28.609034 ], [ -17.852677, 28.609242 ], [ -17.852011, 28.609729 ], [ -17.851224, 28.610075 ], [ -17.851178, 28.610179 ], [ -17.850835, 28.610907 ], [ -17.851178, 28.611636 ], [ -17.851222, 28.611740 ], [ -17.851178, 28.611809 ], [ -17.850669, 28.612572 ], [ -17.850345, 28.612937 ], [ -17.849596, 28.613405 ], [ -17.849513, 28.613447 ], [ -17.848680, 28.613665 ], [ -17.847848, 28.614059 ], [ -17.847223, 28.614238 ], [ -17.847015, 28.614330 ], [ -17.846182, 28.614686 ], [ -17.845363, 28.615070 ], [ -17.845350, 28.615076 ], [ -17.844517, 28.615308 ], [ -17.843684, 28.615266 ], [ -17.842852, 28.615195 ], [ -17.842019, 28.615269 ], [ -17.841187, 28.615533 ], [ -17.840364, 28.615903 ], [ -17.840354, 28.615907 ], [ -17.839521, 28.616003 ], [ -17.838911, 28.616736 ], [ -17.838689, 28.617038 ], [ -17.838382, 28.617568 ], [ -17.837856, 28.617960 ], [ -17.837023, 28.618269 ], [ -17.836191, 28.618352 ], [ -17.836077, 28.618401 ], [ -17.835358, 28.618911 ], [ -17.834942, 28.619234 ], [ -17.834526, 28.619567 ], [ -17.834192, 28.620066 ], [ -17.834213, 28.620899 ], [ -17.834506, 28.621731 ], [ -17.834387, 28.622564 ], [ -17.833839, 28.623397 ], [ -17.833693, 28.623688 ], [ -17.833463, 28.624229 ], [ -17.833253, 28.625062 ], [ -17.832860, 28.625334 ], [ -17.832028, 28.625500 ], [ -17.831195, 28.625748 ], [ -17.830937, 28.625895 ], [ -17.830362, 28.626469 ], [ -17.829968, 28.626727 ], [ -17.829634, 28.627560 ], [ -17.829530, 28.627976 ], [ -17.829351, 28.628392 ], [ -17.828956, 28.629225 ], [ -17.828697, 28.629417 ], [ -17.827891, 28.630058 ], [ -17.827864, 28.630089 ], [ -17.827172, 28.630557 ] ], [ [ -17.827041, 28.629695 ], [ -17.827309, 28.629225 ], [ -17.827864, 28.628777 ], [ -17.828158, 28.628392 ], [ -17.828649, 28.627560 ], [ -17.828697, 28.627464 ], [ -17.829277, 28.626727 ], [ -17.829322, 28.625895 ], [ -17.829528, 28.625062 ], [ -17.829530, 28.625057 ], [ -17.829870, 28.624229 ], [ -17.830111, 28.623397 ], [ -17.829613, 28.622564 ], [ -17.829530, 28.622441 ], [ -17.828793, 28.621731 ], [ -17.829530, 28.621214 ], [ -17.830177, 28.620899 ], [ -17.830362, 28.620784 ], [ -17.830796, 28.620066 ], [ -17.830565, 28.619234 ], [ -17.830426, 28.618401 ], [ -17.830732, 28.617568 ], [ -17.830987, 28.616736 ], [ -17.830362, 28.616664 ], [ -17.829530, 28.616577 ], [ -17.828697, 28.616211 ], [ -17.828153, 28.615903 ], [ -17.827864, 28.615528 ], [ -17.827617, 28.615070 ], [ -17.827032, 28.614542 ], [ -17.826741, 28.614238 ], [ -17.826384, 28.613405 ], [ -17.826199, 28.612943 ], [ -17.825807, 28.612572 ], [ -17.825478, 28.611740 ], [ -17.825367, 28.611407 ], [ -17.825188, 28.610907 ], [ -17.825089, 28.610075 ], [ -17.825171, 28.609242 ], [ -17.825010, 28.608409 ], [ -17.824829, 28.607577 ], [ -17.825283, 28.606744 ], [ -17.824534, 28.606557 ], [ -17.823785, 28.606744 ], [ -17.823701, 28.606773 ], [ -17.823552, 28.606813 ] ] ] } }
,
{ "type": "Feature", "properties": { "obj_type": "CA010-Elevation Contour", "name": "Unknown", "elev": 1300, "notation": "Not Applicable", "or_src_id": 991 }, "geometry": { "type": "MultiLineString", "coordinates": [ [ [ -17.856681, 28.570408 ], [ -17.857006, 28.570931 ], [ -17.857027, 28.570941 ], [ -17.857506, 28.571774 ], [ -17.857839, 28.572250 ], [ -17.858066, 28.572606 ], [ -17.858047, 28.573439 ], [ -17.858325, 28.574272 ], [ -17.858496, 28.575104 ], [ -17.858331, 28.575937 ], [ -17.858331, 28.576769 ], [ -17.858505, 28.577602 ], [ -17.858572, 28.578435 ], [ -17.858339, 28.579267 ], [ -17.858283, 28.580100 ], [ -17.857965, 28.580933 ], [ -17.857839, 28.581253 ], [ -17.857592, 28.581765 ], [ -17.857596, 28.582598 ], [ -17.857324, 28.583431 ], [ -17.857041, 28.584263 ], [ -17.857006, 28.584471 ], [ -17.856875, 28.585096 ], [ -17.857006, 28.585595 ], [ -17.857125, 28.585928 ], [ -17.857780, 28.586761 ], [ -17.857720, 28.587594 ], [ -17.857463, 28.588426 ], [ -17.857145, 28.589259 ], [ -17.857294, 28.590092 ], [ -17.857131, 28.590924 ], [ -17.857006, 28.591174 ], [ -17.856805, 28.591757 ], [ -17.856440, 28.592589 ], [ -17.856245, 28.593422 ], [ -17.856273, 28.594255 ], [ -17.856174, 28.594775 ], [ -17.856065, 28.595087 ], [ -17.856174, 28.595444 ], [ -17.856396, 28.595920 ], [ -17.856174, 28.596253 ], [ -17.855924, 28.596753 ], [ -17.855341, 28.597335 ], [ -17.855163, 28.597585 ], [ -17.854509, 28.598318 ], [ -17.854413, 28.598418 ], [ -17.854485, 28.599250 ], [ -17.854509, 28.599389 ], [ -17.854669, 28.600083 ], [ -17.854925, 28.600916 ], [ -17.854818, 28.601748 ], [ -17.854699, 28.602581 ], [ -17.855110, 28.603414 ], [ -17.855341, 28.604054 ], [ -17.855407, 28.604246 ], [ -17.855716, 28.605079 ], [ -17.855797, 28.605911 ], [ -17.855918, 28.606744 ], [ -17.855871, 28.607577 ], [ -17.856174, 28.608243 ], [ -17.856340, 28.608409 ], [ -17.856451, 28.609242 ], [ -17.856174, 28.609781 ], [ -17.855896, 28.610075 ], [ -17.855341, 28.610408 ], [ -17.854765, 28.610907 ], [ -17.854628, 28.611740 ], [ -17.854509, 28.611938 ], [ -17.854128, 28.612572 ], [ -17.853676, 28.613205 ], [ -17.853491, 28.613405 ], [ -17.852916, 28.614238 ], [ -17.852843, 28.614446 ], [ -17.852605, 28.615070 ], [ -17.852090, 28.615903 ], [ -17.852011, 28.616111 ], [ -17.851773, 28.616736 ], [ -17.851178, 28.617360 ], [ -17.850989, 28.617568 ], [ -17.850470, 28.618401 ], [ -17.850345, 28.618509 ], [ -17.849513, 28.618877 ], [ -17.848680, 28.619180 ], [ -17.847848, 28.619162 ], [ -17.847655, 28.619234 ], [ -17.847015, 28.619442 ], [ -17.846182, 28.619561 ], [ -17.845350, 28.619615 ], [ -17.844517, 28.619772 ], [ -17.843962, 28.620066 ], [ -17.843684, 28.620180 ], [ -17.842852, 28.620162 ], [ -17.842019, 28.620320 ], [ -17.841187, 28.620672 ], [ -17.840354, 28.620436 ], [ -17.839910, 28.620066 ], [ -17.839521, 28.619759 ], [ -17.838689, 28.619632 ], [ -17.837975, 28.620066 ], [ -17.837856, 28.620205 ], [ -17.837460, 28.620899 ], [ -17.837023, 28.621603 ], [ -17.836948, 28.621731 ], [ -17.836418, 28.622564 ], [ -17.836191, 28.623140 ], [ -17.836098, 28.623397 ], [ -17.835358, 28.623899 ], [ -17.835028, 28.624229 ], [ -17.834927, 28.625062 ], [ -17.834823, 28.625895 ], [ -17.834526, 28.626207 ], [ -17.833693, 28.626619 ], [ -17.833207, 28.626727 ], [ -17.832860, 28.626788 ], [ -17.832028, 28.626858 ], [ -17.831197, 28.627560 ], [ -17.831195, 28.627568 ], [ -17.831049, 28.628392 ], [ -17.831195, 28.629217 ], [ -17.831196, 28.629225 ], [ -17.831195, 28.629229 ], [ -17.830517, 28.630058 ], [ -17.830362, 28.630123 ], [ -17.829530, 28.630564 ], [ -17.829160, 28.630890 ], [ -17.828740, 28.631723 ], [ -17.828697, 28.631827 ], [ -17.828347, 28.632556 ], [ -17.828262, 28.633388 ], [ -17.828257, 28.633405 ] ], [ [ -17.826686, 28.627366 ], [ -17.827032, 28.626995 ], [ -17.827210, 28.626727 ], [ -17.827563, 28.625895 ], [ -17.827864, 28.625134 ], [ -17.827894, 28.625062 ], [ -17.828340, 28.624229 ], [ -17.828434, 28.623397 ], [ -17.827864, 28.623047 ], [ -17.827032, 28.622825 ], [ -17.826199, 28.622566 ], [ -17.826197, 28.622564 ], [ -17.825860, 28.621950 ] ], [ [ -17.825810, 28.621624 ], [ -17.826199, 28.621030 ], [ -17.826277, 28.620899 ], [ -17.827028, 28.620066 ], [ -17.827032, 28.620064 ], [ -17.827864, 28.619672 ], [ -17.828657, 28.619234 ], [ -17.828158, 28.618401 ], [ -17.827864, 28.617735 ], [ -17.827768, 28.617568 ], [ -17.827032, 28.617112 ], [ -17.826522, 28.616736 ], [ -17.826199, 28.616148 ], [ -17.825852, 28.615903 ], [ -17.825367, 28.615715 ], [ -17.824897, 28.615633 ] ] ] } }
,
{ "type": "Feature", "properties": { "obj_type": "CA010-Elevation Contour", "name": "Unknown", "elev": 1200, "notation": "Not Applicable", "or_src_id": 991 }, "geometry": { "type": "MultiLineString", "coordinates": [ [ [ -17.860199, 28.569953 ], [ -17.860337, 28.570052 ], [ -17.860433, 28.570108 ], [ -17.861170, 28.570747 ], [ -17.861319, 28.570941 ], [ -17.861731, 28.571774 ], [ -17.861777, 28.572606 ], [ -17.861756, 28.573439 ], [ -17.861599, 28.574272 ], [ -17.861558, 28.575104 ], [ -17.861725, 28.575937 ], [ -17.862002, 28.576214 ], [ -17.862579, 28.576769 ], [ -17.862668, 28.577602 ], [ -17.862002, 28.578078 ], [ -17.861676, 28.578435 ], [ -17.861618, 28.579267 ], [ -17.861519, 28.580100 ], [ -17.861604, 28.580933 ], [ -17.862002, 28.581543 ], [ -17.862169, 28.581765 ], [ -17.862178, 28.582598 ], [ -17.862002, 28.582743 ], [ -17.861249, 28.583431 ], [ -17.861469, 28.584263 ], [ -17.861213, 28.585096 ], [ -17.861170, 28.585373 ], [ -17.861097, 28.585928 ], [ -17.861135, 28.586761 ], [ -17.860892, 28.587594 ], [ -17.860664, 28.588426 ], [ -17.860441, 28.589259 ], [ -17.860602, 28.590092 ], [ -17.860526, 28.590924 ], [ -17.860337, 28.591387 ], [ -17.860226, 28.591757 ], [ -17.859802, 28.592589 ], [ -17.859504, 28.593346 ], [ -17.859461, 28.593422 ], [ -17.859108, 28.594255 ], [ -17.859504, 28.594810 ], [ -17.859671, 28.595087 ], [ -17.859857, 28.595920 ], [ -17.860136, 28.596753 ], [ -17.859623, 28.597585 ], [ -17.859504, 28.597696 ], [ -17.858672, 28.598266 ], [ -17.858369, 28.598418 ], [ -17.857883, 28.599250 ], [ -17.857925, 28.600083 ], [ -17.857839, 28.600361 ], [ -17.857714, 28.600916 ], [ -17.857006, 28.601681 ], [ -17.856950, 28.601748 ], [ -17.857006, 28.601895 ], [ -17.857513, 28.602581 ], [ -17.857753, 28.603414 ], [ -17.857839, 28.603726 ], [ -17.857973, 28.604246 ], [ -17.858125, 28.605079 ], [ -17.858215, 28.605911 ], [ -17.858422, 28.606744 ], [ -17.858672, 28.607425 ], [ -17.858721, 28.607577 ], [ -17.859241, 28.608409 ], [ -17.859504, 28.608964 ], [ -17.859683, 28.609242 ], [ -17.859504, 28.609866 ], [ -17.859393, 28.610075 ], [ -17.858672, 28.610848 ], [ -17.858646, 28.610907 ], [ -17.857844, 28.611740 ], [ -17.857839, 28.611746 ], [ -17.857284, 28.612572 ], [ -17.857006, 28.613102 ], [ -17.856848, 28.613405 ], [ -17.856424, 28.614238 ], [ -17.856179, 28.615070 ], [ -17.856174, 28.615087 ], [ -17.855955, 28.615903 ], [ -17.855658, 28.616736 ], [ -17.855341, 28.617476 ], [ -17.855295, 28.617568 ], [ -17.855286, 28.618401 ], [ -17.855341, 28.618520 ], [ -17.855579, 28.619234 ], [ -17.855497, 28.620066 ], [ -17.855341, 28.620423 ], [ -17.855038, 28.620899 ], [ -17.854519, 28.621731 ], [ -17.854509, 28.621740 ], [ -17.853676, 28.622286 ], [ -17.853398, 28.622564 ], [ -17.852843, 28.622772 ], [ -17.852011, 28.623140 ], [ -17.851345, 28.623397 ], [ -17.851594, 28.624229 ], [ -17.851282, 28.625062 ], [ -17.851261, 28.625895 ], [ -17.851329, 28.626727 ], [ -17.852011, 28.627227 ], [ -17.852219, 28.627560 ], [ -17.852843, 28.628388 ], [ -17.852846, 28.628392 ], [ -17.852845, 28.629225 ], [ -17.852843, 28.629230 ], [ -17.852209, 28.630058 ], [ -17.852011, 28.630578 ], [ -17.851897, 28.630890 ], [ -17.851178, 28.631286 ], [ -17.850345, 28.631190 ], [ -17.849596, 28.630890 ], [ -17.850345, 28.630533 ], [ -17.850715, 28.630058 ], [ -17.850345, 28.629582 ], [ -17.849513, 28.629558 ], [ -17.848778, 28.630058 ], [ -17.848680, 28.630266 ], [ -17.848611, 28.630058 ], [ -17.848364, 28.629225 ], [ -17.848323, 28.628392 ], [ -17.847848, 28.627938 ], [ -17.847015, 28.627837 ], [ -17.846645, 28.627560 ], [ -17.846182, 28.626866 ], [ -17.846063, 28.626727 ], [ -17.845558, 28.625895 ], [ -17.845350, 28.625748 ], [ -17.845072, 28.625895 ], [ -17.844517, 28.626087 ], [ -17.843684, 28.626635 ], [ -17.843530, 28.626727 ], [ -17.842852, 28.627125 ], [ -17.842019, 28.627452 ], [ -17.841372, 28.627560 ], [ -17.841187, 28.627599 ], [ -17.840853, 28.627560 ], [ -17.840354, 28.627499 ], [ -17.839521, 28.627327 ], [ -17.838689, 28.626732 ], [ -17.838681, 28.626727 ], [ -17.838023, 28.625895 ], [ -17.837856, 28.625374 ], [ -17.837336, 28.625895 ], [ -17.837202, 28.626727 ], [ -17.837023, 28.626906 ], [ -17.836684, 28.627560 ], [ -17.836191, 28.627940 ], [ -17.835358, 28.627784 ], [ -17.834526, 28.627796 ], [ -17.833693, 28.627954 ], [ -17.832860, 28.628211 ], [ -17.832675, 28.628392 ], [ -17.832681, 28.629225 ], [ -17.832622, 28.630058 ], [ -17.832100, 28.630890 ], [ -17.832028, 28.630972 ], [ -17.831195, 28.631275 ], [ -17.830362, 28.631617 ], [ -17.830264, 28.631723 ], [ -17.829954, 28.632556 ], [ -17.829703, 28.633388 ], [ -17.829588, 28.634221 ], [ -17.829807, 28.635053 ], [ -17.829530, 28.635522 ], [ -17.829238, 28.635886 ], [ -17.829224, 28.635908 ] ], [ [ -17.826298, 28.624827 ], [ -17.826468, 28.624229 ], [ -17.826199, 28.624083 ], [ -17.826184, 28.624077 ] ] ] } }
,
{ "type": "Feature", "properties": { "obj_type": "CA010-Elevation Contour", "name": "Unknown", "elev": 1100, "notation": "Not Applicable", "or_src_id": 991 }, "geometry": { "type": "LineString", "coordinates": [ [ -17.862820, 28.569613 ], [ -17.862835, 28.569625 ], [ -17.863175, 28.570108 ], [ -17.863536, 28.570941 ], [ -17.863546, 28.571774 ], [ -17.863667, 28.572228 ], [ -17.863790, 28.572606 ], [ -17.864206, 28.573439 ], [ -17.864306, 28.574272 ], [ -17.864292, 28.575104 ], [ -17.864349, 28.575937 ], [ -17.864500, 28.576187 ], [ -17.864748, 28.576769 ], [ -17.864646, 28.577602 ], [ -17.864768, 28.578435 ], [ -17.864966, 28.579267 ], [ -17.864778, 28.580100 ], [ -17.864656, 28.580933 ], [ -17.865237, 28.581765 ], [ -17.865333, 28.581884 ], [ -17.865707, 28.582598 ], [ -17.866165, 28.583276 ], [ -17.866284, 28.583431 ], [ -17.866165, 28.583951 ], [ -17.866104, 28.584263 ], [ -17.865423, 28.585096 ], [ -17.865333, 28.585177 ], [ -17.864500, 28.585829 ], [ -17.864357, 28.585928 ], [ -17.864205, 28.586761 ], [ -17.864172, 28.587594 ], [ -17.863914, 28.588426 ], [ -17.863828, 28.589259 ], [ -17.863765, 28.590092 ], [ -17.863806, 28.590924 ], [ -17.863725, 28.591757 ], [ -17.863667, 28.591942 ], [ -17.863361, 28.592589 ], [ -17.863365, 28.593422 ], [ -17.863305, 28.594255 ], [ -17.863509, 28.595087 ], [ -17.863667, 28.595390 ], [ -17.864153, 28.595920 ], [ -17.864500, 28.596440 ], [ -17.864619, 28.596753 ], [ -17.864500, 28.596961 ], [ -17.864223, 28.597585 ], [ -17.863786, 28.598418 ], [ -17.863667, 28.599084 ], [ -17.863612, 28.599250 ], [ -17.862835, 28.599898 ], [ -17.862650, 28.600083 ], [ -17.862343, 28.600916 ], [ -17.862835, 28.601517 ], [ -17.863054, 28.601748 ], [ -17.862875, 28.602581 ], [ -17.862835, 28.602621 ], [ -17.862042, 28.603414 ], [ -17.862516, 28.604246 ], [ -17.862008, 28.605079 ], [ -17.862002, 28.605081 ], [ -17.861170, 28.605213 ], [ -17.860514, 28.605911 ], [ -17.860787, 28.606744 ], [ -17.861170, 28.607572 ], [ -17.861172, 28.607577 ], [ -17.861769, 28.608409 ], [ -17.862002, 28.608716 ], [ -17.862229, 28.609242 ], [ -17.862280, 28.610075 ], [ -17.862002, 28.610843 ], [ -17.861975, 28.610907 ], [ -17.861314, 28.611740 ], [ -17.861239, 28.612572 ], [ -17.861234, 28.613405 ], [ -17.861170, 28.613533 ], [ -17.860803, 28.614238 ], [ -17.860817, 28.615070 ], [ -17.860509, 28.615903 ], [ -17.860337, 28.616458 ], [ -17.860248, 28.616736 ], [ -17.860204, 28.617568 ], [ -17.860084, 28.618401 ], [ -17.860106, 28.619234 ], [ -17.860118, 28.620066 ], [ -17.859782, 28.620899 ], [ -17.859588, 28.621731 ], [ -17.859508, 28.622564 ], [ -17.859504, 28.622573 ], [ -17.859110, 28.623397 ], [ -17.858677, 28.624229 ], [ -17.858672, 28.624236 ], [ -17.858146, 28.625062 ], [ -17.857839, 28.625710 ], [ -17.857700, 28.625895 ], [ -17.857006, 28.626415 ], [ -17.856757, 28.626727 ], [ -17.856257, 28.627560 ], [ -17.856174, 28.627671 ], [ -17.855497, 28.628392 ], [ -17.855341, 28.628571 ], [ -17.854989, 28.629225 ], [ -17.855075, 28.630058 ], [ -17.855341, 28.630724 ], [ -17.855434, 28.630890 ], [ -17.856174, 28.631630 ], [ -17.856226, 28.631723 ], [ -17.856396, 28.632556 ], [ -17.856174, 28.633111 ], [ -17.855841, 28.633388 ], [ -17.855341, 28.633745 ], [ -17.854865, 28.634221 ], [ -17.854509, 28.634421 ], [ -17.853676, 28.634625 ], [ -17.852843, 28.634557 ], [ -17.852011, 28.634325 ], [ -17.851698, 28.634221 ], [ -17.851178, 28.633990 ], [ -17.850345, 28.633805 ], [ -17.849513, 28.633555 ], [ -17.848799, 28.633388 ], [ -17.848680, 28.633349 ], [ -17.847848, 28.633024 ], [ -17.847015, 28.632764 ], [ -17.846182, 28.632764 ], [ -17.845350, 28.632879 ], [ -17.844517, 28.632972 ], [ -17.843836, 28.633388 ], [ -17.843684, 28.633492 ], [ -17.842852, 28.633507 ], [ -17.842019, 28.633573 ], [ -17.841187, 28.633735 ], [ -17.840354, 28.633666 ], [ -17.839521, 28.633567 ], [ -17.838689, 28.633458 ], [ -17.838480, 28.633388 ], [ -17.837856, 28.633196 ], [ -17.837023, 28.633150 ], [ -17.836211, 28.633388 ], [ -17.836191, 28.633405 ], [ -17.836177, 28.633388 ], [ -17.835358, 28.632833 ], [ -17.835046, 28.632556 ], [ -17.834526, 28.632093 ], [ -17.833693, 28.632056 ], [ -17.832860, 28.632455 ], [ -17.832709, 28.632556 ], [ -17.832028, 28.633237 ], [ -17.831869, 28.633388 ], [ -17.831384, 28.634221 ], [ -17.831445, 28.635053 ], [ -17.831473, 28.635886 ], [ -17.831195, 28.636204 ], [ -17.830665, 28.636719 ], [ -17.830362, 28.637194 ], [ -17.830206, 28.637551 ], [ -17.830362, 28.638087 ], [ -17.830446, 28.638384 ], [ -17.830362, 28.638847 ], [ -17.830362, 28.638850 ] ] } }
,
{ "type": "Feature", "properties": { "obj_type": "CA010-Elevation Contour", "name": "Unknown", "elev": 1000, "notation": "Not Applicable", "or_src_id": 991 }, "geometry": { "type": "MultiLineString", "coordinates": [ [ [ -17.866832, 28.569094 ], [ -17.866879, 28.569276 ], [ -17.866887, 28.570108 ], [ -17.866483, 28.570941 ], [ -17.866165, 28.571385 ], [ -17.865994, 28.571774 ], [ -17.866165, 28.572027 ], [ -17.866535, 28.572606 ], [ -17.866753, 28.573439 ], [ -17.866969, 28.574272 ], [ -17.866998, 28.574688 ], [ -17.867027, 28.575104 ], [ -17.867050, 28.575937 ], [ -17.866998, 28.576088 ], [ -17.866811, 28.576769 ], [ -17.866720, 28.577602 ], [ -17.866998, 28.578375 ], [ -17.867019, 28.578435 ], [ -17.867440, 28.579267 ], [ -17.867553, 28.580100 ], [ -17.867414, 28.580933 ], [ -17.867831, 28.581271 ], [ -17.868663, 28.581742 ], [ -17.868684, 28.581765 ], [ -17.869181, 28.582598 ], [ -17.869496, 28.583306 ], [ -17.869538, 28.583431 ], [ -17.869496, 28.583930 ], [ -17.869438, 28.584263 ], [ -17.868663, 28.584774 ], [ -17.867877, 28.585096 ], [ -17.867831, 28.585118 ], [ -17.867041, 28.585928 ], [ -17.866998, 28.586206 ], [ -17.866897, 28.586761 ], [ -17.866998, 28.587573 ], [ -17.867000, 28.587594 ], [ -17.866998, 28.587614 ], [ -17.866875, 28.588426 ], [ -17.866998, 28.589239 ], [ -17.867000, 28.589259 ], [ -17.866998, 28.589267 ], [ -17.866560, 28.590092 ], [ -17.866671, 28.590924 ], [ -17.866332, 28.591757 ], [ -17.866304, 28.592589 ], [ -17.866345, 28.593422 ], [ -17.866216, 28.594255 ], [ -17.866165, 28.594353 ], [ -17.865900, 28.595087 ], [ -17.865991, 28.595920 ], [ -17.866165, 28.596606 ], [ -17.866204, 28.596753 ], [ -17.866165, 28.597377 ], [ -17.866150, 28.597585 ], [ -17.865898, 28.598418 ], [ -17.865905, 28.599250 ], [ -17.865845, 28.600083 ], [ -17.865333, 28.600570 ], [ -17.864950, 28.600916 ], [ -17.865036, 28.601748 ], [ -17.865139, 28.602581 ], [ -17.864935, 28.603414 ], [ -17.864616, 28.604246 ], [ -17.864635, 28.605079 ], [ -17.864500, 28.605329 ], [ -17.864136, 28.605911 ], [ -17.863667, 28.606536 ], [ -17.863459, 28.606744 ], [ -17.863667, 28.607007 ], [ -17.864041, 28.607577 ], [ -17.864262, 28.608409 ], [ -17.864500, 28.609234 ], [ -17.864504, 28.609242 ], [ -17.865055, 28.610075 ], [ -17.865333, 28.610463 ], [ -17.865666, 28.610907 ], [ -17.865976, 28.611740 ], [ -17.865333, 28.612448 ], [ -17.865265, 28.612572 ], [ -17.865333, 28.612697 ], [ -17.865647, 28.613405 ], [ -17.865333, 28.614049 ], [ -17.865055, 28.614238 ], [ -17.864500, 28.614728 ], [ -17.864112, 28.615070 ], [ -17.863723, 28.615903 ], [ -17.863671, 28.616736 ], [ -17.863667, 28.616744 ], [ -17.863271, 28.617568 ], [ -17.863196, 28.618401 ], [ -17.863317, 28.619234 ], [ -17.863533, 28.620066 ], [ -17.863667, 28.620760 ], [ -17.863692, 28.620899 ], [ -17.863667, 28.621065 ], [ -17.863534, 28.621731 ], [ -17.863368, 28.622564 ], [ -17.863264, 28.623397 ], [ -17.863264, 28.624229 ], [ -17.862839, 28.625062 ], [ -17.862835, 28.625070 ], [ -17.862078, 28.625895 ], [ -17.862002, 28.625947 ], [ -17.861268, 28.626727 ], [ -17.861170, 28.626912 ], [ -17.860863, 28.627560 ], [ -17.860943, 28.628392 ], [ -17.860476, 28.629225 ], [ -17.860337, 28.629503 ], [ -17.860034, 28.630058 ], [ -17.859504, 28.630474 ], [ -17.859198, 28.630890 ], [ -17.858672, 28.631659 ], [ -17.858643, 28.631723 ], [ -17.858386, 28.632556 ], [ -17.858190, 28.633388 ], [ -17.857839, 28.634128 ], [ -17.857804, 28.634221 ], [ -17.857080, 28.635053 ], [ -17.857006, 28.635107 ], [ -17.856174, 28.635747 ], [ -17.855874, 28.635886 ], [ -17.855341, 28.636112 ], [ -17.854509, 28.636295 ], [ -17.853676, 28.636347 ], [ -17.852843, 28.636330 ], [ -17.852011, 28.636655 ], [ -17.851178, 28.636580 ], [ -17.850993, 28.636719 ], [ -17.850345, 28.637043 ], [ -17.849513, 28.637413 ], [ -17.849286, 28.637551 ], [ -17.848680, 28.637829 ], [ -17.847848, 28.637851 ], [ -17.847015, 28.638060 ], [ -17.846432, 28.638384 ], [ -17.846182, 28.638562 ], [ -17.845350, 28.638960 ], [ -17.844537, 28.639217 ], [ -17.844517, 28.639221 ], [ -17.843684, 28.639383 ], [ -17.842852, 28.639355 ], [ -17.842019, 28.639510 ], [ -17.841187, 28.639921 ], [ -17.840770, 28.640049 ], [ -17.840354, 28.640257 ], [ -17.839799, 28.640049 ], [ -17.839521, 28.639985 ], [ -17.839382, 28.640049 ], [ -17.838855, 28.640882 ], [ -17.838689, 28.640974 ], [ -17.837856, 28.641215 ], [ -17.837023, 28.641159 ], [ -17.836191, 28.641381 ], [ -17.835525, 28.641714 ], [ -17.835358, 28.641758 ], [ -17.835150, 28.641714 ], [ -17.834526, 28.641536 ], [ -17.833693, 28.641368 ], [ -17.832860, 28.640902 ], [ -17.832685, 28.641714 ], [ -17.832361, 28.642547 ], [ -17.832444, 28.643380 ], [ -17.832490, 28.644212 ], [ -17.832547, 28.644502 ] ], [ [ -17.832723, 28.645145 ], [ -17.832860, 28.645339 ], [ -17.833146, 28.645878 ], [ -17.833499, 28.646710 ], [ -17.833547, 28.647543 ], [ -17.833693, 28.648073 ], [ -17.833769, 28.648376 ], [ -17.833761, 28.649208 ], [ -17.833693, 28.649446 ], [ -17.833584, 28.649787 ] ], [ [ -17.836172, 28.663730 ], [ -17.836191, 28.663747 ], [ -17.836515, 28.664195 ], [ -17.836704, 28.664396 ] ] ] } }
,
{ "type": "Feature", "properties": { "obj_type": "CA010-Elevation Contour", "name": "Unknown", "elev": 900, "notation": "Not Applicable", "or_src_id": 991 }, "geometry": { "type": "LineString", "coordinates": [ [ -17.868744, 28.568847 ], [ -17.868946, 28.569276 ], [ -17.868837, 28.570108 ], [ -17.868771, 28.570941 ], [ -17.868802, 28.571774 ], [ -17.869279, 28.572606 ], [ -17.869496, 28.572991 ], [ -17.869739, 28.573439 ], [ -17.869762, 28.574272 ], [ -17.869515, 28.575104 ], [ -17.869829, 28.575937 ], [ -17.869688, 28.576769 ], [ -17.869496, 28.577082 ], [ -17.869244, 28.577602 ], [ -17.869271, 28.578435 ], [ -17.869496, 28.578925 ], [ -17.869761, 28.579267 ], [ -17.870299, 28.580100 ], [ -17.870329, 28.580219 ], [ -17.870480, 28.580933 ], [ -17.870542, 28.581765 ], [ -17.870773, 28.582598 ], [ -17.870863, 28.583431 ], [ -17.870749, 28.584263 ], [ -17.870478, 28.585096 ], [ -17.870329, 28.585283 ], [ -17.869631, 28.585928 ], [ -17.869496, 28.586155 ], [ -17.869066, 28.586761 ], [ -17.869288, 28.587594 ], [ -17.869467, 28.588426 ], [ -17.869240, 28.589259 ], [ -17.869195, 28.590092 ], [ -17.869042, 28.590924 ], [ -17.868876, 28.591757 ], [ -17.868705, 28.592589 ], [ -17.868663, 28.593006 ], [ -17.868614, 28.593422 ], [ -17.868514, 28.594255 ], [ -17.868123, 28.595087 ], [ -17.867831, 28.595689 ], [ -17.867729, 28.595920 ], [ -17.867611, 28.596753 ], [ -17.867494, 28.597585 ], [ -17.867485, 28.598418 ], [ -17.867729, 28.599250 ], [ -17.867810, 28.600083 ], [ -17.867516, 28.600916 ], [ -17.867214, 28.601748 ], [ -17.867113, 28.602581 ], [ -17.867331, 28.603414 ], [ -17.867533, 28.604246 ], [ -17.867368, 28.605079 ], [ -17.866998, 28.605745 ], [ -17.866898, 28.605911 ], [ -17.866998, 28.606411 ], [ -17.867086, 28.606744 ], [ -17.867831, 28.607572 ], [ -17.867834, 28.607577 ], [ -17.868193, 28.608409 ], [ -17.868087, 28.609242 ], [ -17.868351, 28.610075 ], [ -17.868663, 28.610824 ], [ -17.868688, 28.610907 ], [ -17.868851, 28.611740 ], [ -17.868756, 28.612572 ], [ -17.868663, 28.612850 ], [ -17.868108, 28.613405 ], [ -17.868072, 28.614238 ], [ -17.868608, 28.615070 ], [ -17.868663, 28.615237 ], [ -17.868885, 28.615903 ], [ -17.869052, 28.616736 ], [ -17.868961, 28.617568 ], [ -17.868663, 28.618089 ], [ -17.868455, 28.618401 ], [ -17.868265, 28.619234 ], [ -17.867831, 28.619688 ], [ -17.867190, 28.620066 ], [ -17.866998, 28.620378 ], [ -17.866753, 28.620899 ], [ -17.866165, 28.621487 ], [ -17.866017, 28.621731 ], [ -17.865838, 28.622564 ], [ -17.865749, 28.623397 ], [ -17.865711, 28.624229 ], [ -17.865713, 28.625062 ], [ -17.866165, 28.625815 ], [ -17.866232, 28.625895 ], [ -17.866165, 28.626132 ], [ -17.865957, 28.626727 ], [ -17.865333, 28.627421 ], [ -17.865214, 28.627560 ], [ -17.865068, 28.628392 ], [ -17.865101, 28.629225 ], [ -17.865208, 28.630058 ], [ -17.864812, 28.630890 ], [ -17.864674, 28.631723 ], [ -17.864759, 28.632556 ], [ -17.864525, 28.633388 ], [ -17.864500, 28.633444 ], [ -17.864084, 28.634221 ], [ -17.863667, 28.634776 ], [ -17.863325, 28.635053 ], [ -17.862835, 28.635331 ], [ -17.862002, 28.635827 ], [ -17.861170, 28.635842 ], [ -17.860337, 28.635810 ], [ -17.860129, 28.635886 ], [ -17.859504, 28.636128 ], [ -17.858672, 28.636441 ], [ -17.857839, 28.636629 ], [ -17.857601, 28.636719 ], [ -17.857006, 28.637181 ], [ -17.856340, 28.637551 ], [ -17.856174, 28.637789 ], [ -17.855827, 28.638384 ], [ -17.855341, 28.638967 ], [ -17.855163, 28.639217 ], [ -17.854514, 28.640049 ], [ -17.854509, 28.640057 ], [ -17.853676, 28.640588 ], [ -17.853292, 28.640882 ], [ -17.852947, 28.641714 ], [ -17.853146, 28.642547 ], [ -17.853260, 28.643380 ], [ -17.852843, 28.643588 ], [ -17.852011, 28.643657 ], [ -17.851456, 28.644212 ], [ -17.851178, 28.644421 ], [ -17.850345, 28.644545 ], [ -17.849513, 28.644807 ], [ -17.848680, 28.644926 ], [ -17.848541, 28.645045 ], [ -17.848403, 28.645878 ], [ -17.848125, 28.646710 ], [ -17.847848, 28.646948 ], [ -17.847031, 28.647543 ], [ -17.847029, 28.648376 ], [ -17.847015, 28.648396 ], [ -17.846182, 28.648875 ], [ -17.845389, 28.649208 ], [ -17.845350, 28.649224 ], [ -17.844517, 28.649578 ], [ -17.843684, 28.649729 ], [ -17.842852, 28.649624 ], [ -17.842059, 28.650041 ], [ -17.842019, 28.650054 ], [ -17.841187, 28.650207 ], [ -17.840354, 28.650457 ], [ -17.839938, 28.650873 ], [ -17.839521, 28.651498 ], [ -17.839313, 28.651706 ], [ -17.839105, 28.652539 ], [ -17.838689, 28.652851 ], [ -17.837872, 28.653371 ], [ -17.837856, 28.653398 ], [ -17.837499, 28.654204 ], [ -17.837440, 28.655037 ], [ -17.837099, 28.655869 ], [ -17.837553, 28.656702 ], [ -17.837856, 28.657257 ], [ -17.838064, 28.657534 ], [ -17.838462, 28.658367 ], [ -17.838689, 28.658724 ], [ -17.839022, 28.659200 ], [ -17.839521, 28.659699 ], [ -17.839854, 28.660032 ], [ -17.840354, 28.660851 ], [ -17.840364, 28.660865 ], [ -17.841187, 28.661687 ], [ -17.841196, 28.661698 ], [ -17.842019, 28.662233 ], [ -17.842366, 28.662530 ], [ -17.842023, 28.663363 ], [ -17.842019, 28.663390 ], [ -17.841984, 28.663732 ] ] } }
,
{ "type": "Feature", "properties": { "obj_type": "CA010-Elevation Contour", "name": "Unknown", "elev": 800, "notation": "Not Applicable", "or_src_id": 991 }, "geometry": { "type": "MultiLineString", "coordinates": [ [ [ -17.870087, 28.568673 ], [ -17.870227, 28.569276 ], [ -17.870233, 28.570108 ], [ -17.870329, 28.570584 ], [ -17.870514, 28.570941 ], [ -17.871161, 28.571670 ], [ -17.871221, 28.571774 ], [ -17.871664, 28.572606 ], [ -17.871994, 28.573002 ], [ -17.872324, 28.573439 ], [ -17.871994, 28.573899 ], [ -17.871765, 28.574272 ], [ -17.871529, 28.575104 ], [ -17.871836, 28.575937 ], [ -17.871994, 28.576180 ], [ -17.872499, 28.576769 ], [ -17.872218, 28.577602 ], [ -17.872410, 28.578435 ], [ -17.872826, 28.579139 ], [ -17.872899, 28.579267 ], [ -17.873567, 28.580100 ], [ -17.873659, 28.580893 ], [ -17.873662, 28.580933 ], [ -17.873659, 28.580938 ], [ -17.873228, 28.581765 ], [ -17.872857, 28.582598 ], [ -17.872826, 28.582650 ], [ -17.872489, 28.583431 ], [ -17.872186, 28.584263 ], [ -17.872232, 28.585096 ], [ -17.871994, 28.585864 ], [ -17.871971, 28.585928 ], [ -17.871838, 28.586761 ], [ -17.871756, 28.587594 ], [ -17.871994, 28.588416 ], [ -17.871997, 28.588426 ], [ -17.871994, 28.588447 ], [ -17.871890, 28.589259 ], [ -17.871966, 28.590092 ], [ -17.871518, 28.590924 ], [ -17.871161, 28.591512 ], [ -17.871054, 28.591757 ], [ -17.871083, 28.592589 ], [ -17.871083, 28.593422 ], [ -17.871001, 28.594255 ], [ -17.871161, 28.594949 ], [ -17.871210, 28.595087 ], [ -17.871340, 28.595920 ], [ -17.871624, 28.596753 ], [ -17.871786, 28.597585 ], [ -17.871994, 28.597918 ], [ -17.872826, 28.598056 ], [ -17.873659, 28.598051 ], [ -17.874057, 28.598418 ], [ -17.873937, 28.599250 ], [ -17.873659, 28.599550 ], [ -17.872826, 28.599528 ], [ -17.872351, 28.600083 ], [ -17.871994, 28.600797 ], [ -17.871911, 28.600916 ], [ -17.871161, 28.601597 ], [ -17.871057, 28.601748 ], [ -17.870646, 28.602581 ], [ -17.870502, 28.603414 ], [ -17.870760, 28.604246 ], [ -17.871161, 28.604762 ], [ -17.871512, 28.605079 ], [ -17.871677, 28.605911 ], [ -17.871653, 28.606744 ], [ -17.871449, 28.607577 ], [ -17.871404, 28.608409 ], [ -17.871225, 28.609242 ], [ -17.871429, 28.610075 ], [ -17.871592, 28.610907 ], [ -17.871764, 28.611740 ], [ -17.871645, 28.612572 ], [ -17.871773, 28.613405 ], [ -17.871994, 28.613905 ], [ -17.872221, 28.614238 ], [ -17.872438, 28.615070 ], [ -17.871994, 28.615736 ], [ -17.871932, 28.615903 ], [ -17.871920, 28.616736 ], [ -17.871994, 28.616944 ], [ -17.872191, 28.617568 ], [ -17.871994, 28.617963 ], [ -17.871531, 28.618401 ], [ -17.871161, 28.618648 ], [ -17.870634, 28.619234 ], [ -17.870329, 28.619888 ], [ -17.870261, 28.620066 ], [ -17.870295, 28.620899 ], [ -17.870329, 28.621038 ], [ -17.870537, 28.621731 ], [ -17.870329, 28.622252 ], [ -17.870204, 28.622564 ], [ -17.869671, 28.623397 ], [ -17.869496, 28.624063 ], [ -17.869357, 28.624229 ], [ -17.869496, 28.624348 ], [ -17.869880, 28.625062 ], [ -17.870051, 28.625895 ], [ -17.870091, 28.626727 ], [ -17.869704, 28.627560 ], [ -17.869496, 28.627976 ], [ -17.869364, 28.628392 ], [ -17.869496, 28.628517 ], [ -17.870241, 28.629225 ], [ -17.870051, 28.630058 ], [ -17.869496, 28.630705 ], [ -17.869363, 28.630890 ], [ -17.869454, 28.631723 ], [ -17.869496, 28.632139 ], [ -17.869545, 28.632556 ], [ -17.869496, 28.632631 ], [ -17.868975, 28.633388 ], [ -17.868663, 28.633700 ], [ -17.867906, 28.634221 ], [ -17.867831, 28.634285 ], [ -17.867165, 28.635053 ], [ -17.866998, 28.635366 ], [ -17.866720, 28.635886 ], [ -17.866582, 28.636719 ], [ -17.866498, 28.637551 ], [ -17.866284, 28.638384 ], [ -17.866165, 28.638662 ], [ -17.865863, 28.639217 ], [ -17.865645, 28.640049 ], [ -17.865333, 28.640299 ], [ -17.864500, 28.640690 ], [ -17.863667, 28.640763 ], [ -17.863112, 28.640882 ], [ -17.862835, 28.640937 ], [ -17.862002, 28.641381 ], [ -17.861669, 28.641714 ], [ -17.861308, 28.642547 ], [ -17.861170, 28.642880 ], [ -17.860920, 28.643380 ], [ -17.860961, 28.644212 ], [ -17.861170, 28.644450 ], [ -17.861690, 28.645045 ], [ -17.861170, 28.645739 ], [ -17.860961, 28.645878 ], [ -17.860961, 28.646710 ], [ -17.861170, 28.647265 ], [ -17.861308, 28.647543 ], [ -17.861447, 28.648376 ], [ -17.861669, 28.649208 ], [ -17.862002, 28.649541 ], [ -17.862419, 28.650041 ], [ -17.862835, 28.650540 ], [ -17.863112, 28.650873 ], [ -17.863192, 28.651706 ], [ -17.863430, 28.652539 ], [ -17.863667, 28.653094 ], [ -17.863806, 28.653371 ], [ -17.864001, 28.654204 ], [ -17.864001, 28.655037 ], [ -17.864084, 28.655869 ], [ -17.864223, 28.656702 ], [ -17.864334, 28.657534 ], [ -17.864084, 28.658367 ], [ -17.863667, 28.658821 ], [ -17.863073, 28.659200 ], [ -17.862835, 28.659533 ], [ -17.862210, 28.660032 ], [ -17.862835, 28.660657 ], [ -17.863001, 28.660865 ], [ -17.863236, 28.661060 ] ], [ [ -17.865512, 28.660774 ], [ -17.865518, 28.660032 ], [ -17.865795, 28.659200 ], [ -17.866165, 28.658992 ], [ -17.866998, 28.659081 ], [ -17.867831, 28.658922 ], [ -17.868663, 28.659061 ], [ -17.869080, 28.659200 ], [ -17.869496, 28.659347 ], [ -17.870329, 28.659616 ], [ -17.870551, 28.660032 ], [ -17.870616, 28.660133 ] ] ] } }
,
{ "type": "Feature", "properties": { "obj_type": "CA010-Elevation Contour", "name": "Unknown", "elev": 700, "notation": "Not Applicable", "or_src_id": 991 }, "geometry": { "type": "LineString", "coordinates": [ [ -17.872458, 28.568366 ], [ -17.872453, 28.568443 ], [ -17.872427, 28.569276 ], [ -17.872776, 28.570108 ], [ -17.872826, 28.570192 ], [ -17.873255, 28.570941 ], [ -17.873264, 28.571774 ], [ -17.873446, 28.572606 ], [ -17.873659, 28.573179 ], [ -17.873746, 28.573439 ], [ -17.873659, 28.573786 ], [ -17.873538, 28.574272 ], [ -17.873581, 28.575104 ], [ -17.873659, 28.575167 ], [ -17.874492, 28.575778 ], [ -17.874688, 28.575937 ], [ -17.875324, 28.576635 ], [ -17.875523, 28.576769 ], [ -17.876157, 28.577436 ], [ -17.876342, 28.577602 ], [ -17.876700, 28.578435 ], [ -17.876698, 28.579267 ], [ -17.876762, 28.580100 ], [ -17.876990, 28.580317 ], [ -17.877394, 28.580933 ], [ -17.877668, 28.581765 ], [ -17.877472, 28.582598 ], [ -17.877192, 28.583431 ], [ -17.876990, 28.583847 ], [ -17.876649, 28.584263 ], [ -17.876365, 28.585096 ], [ -17.876633, 28.585928 ], [ -17.876157, 28.586404 ], [ -17.875800, 28.586761 ], [ -17.875741, 28.587594 ], [ -17.875845, 28.588426 ], [ -17.876157, 28.588843 ], [ -17.876384, 28.589259 ], [ -17.876157, 28.589675 ], [ -17.875978, 28.590092 ], [ -17.875741, 28.590924 ], [ -17.875394, 28.591757 ], [ -17.875551, 28.592589 ], [ -17.876105, 28.593422 ], [ -17.875443, 28.594255 ], [ -17.875324, 28.594411 ], [ -17.874938, 28.595087 ], [ -17.874908, 28.595920 ], [ -17.875324, 28.595972 ], [ -17.876157, 28.596170 ], [ -17.876990, 28.596420 ], [ -17.877722, 28.596753 ], [ -17.877822, 28.597002 ], [ -17.878010, 28.597585 ], [ -17.877822, 28.597909 ], [ -17.877340, 28.598418 ], [ -17.876990, 28.598973 ], [ -17.876805, 28.599250 ], [ -17.876161, 28.600083 ], [ -17.876157, 28.600090 ], [ -17.875602, 28.600916 ], [ -17.875657, 28.601748 ], [ -17.875787, 28.602581 ], [ -17.875532, 28.603414 ], [ -17.875329, 28.604246 ], [ -17.875671, 28.605079 ], [ -17.875699, 28.605911 ], [ -17.875376, 28.606744 ], [ -17.875324, 28.607022 ], [ -17.875252, 28.607577 ], [ -17.875061, 28.608409 ], [ -17.874804, 28.609242 ], [ -17.874842, 28.610075 ], [ -17.875278, 28.610907 ], [ -17.875324, 28.611185 ], [ -17.875412, 28.611740 ], [ -17.875800, 28.612572 ], [ -17.875840, 28.613405 ], [ -17.875759, 28.614238 ], [ -17.875420, 28.615070 ], [ -17.875324, 28.615348 ], [ -17.875139, 28.615903 ], [ -17.875058, 28.616736 ], [ -17.875139, 28.617568 ], [ -17.875324, 28.617938 ], [ -17.875671, 28.618401 ], [ -17.876018, 28.619234 ], [ -17.875926, 28.620066 ], [ -17.876157, 28.620587 ], [ -17.876288, 28.620899 ], [ -17.876490, 28.621731 ], [ -17.876781, 28.622564 ], [ -17.876990, 28.622980 ], [ -17.877141, 28.623397 ], [ -17.876990, 28.623699 ], [ -17.876647, 28.624229 ], [ -17.876157, 28.624870 ], [ -17.876001, 28.625062 ], [ -17.875787, 28.625895 ], [ -17.876038, 28.626727 ], [ -17.876157, 28.627143 ], [ -17.876308, 28.627560 ], [ -17.876166, 28.628392 ], [ -17.876460, 28.629225 ], [ -17.876573, 28.630058 ], [ -17.876514, 28.630890 ], [ -17.876514, 28.631723 ], [ -17.876633, 28.632556 ], [ -17.876692, 28.633388 ], [ -17.876712, 28.634221 ], [ -17.876990, 28.634720 ], [ -17.877545, 28.635053 ], [ -17.877656, 28.635886 ], [ -17.877614, 28.636719 ], [ -17.877475, 28.637551 ], [ -17.877406, 28.638384 ], [ -17.877584, 28.639217 ], [ -17.877406, 28.640049 ], [ -17.876990, 28.640382 ], [ -17.876677, 28.640882 ], [ -17.876261, 28.641714 ], [ -17.876157, 28.641881 ], [ -17.875602, 28.642547 ], [ -17.875341, 28.643380 ], [ -17.875324, 28.643407 ], [ -17.874967, 28.644212 ], [ -17.875324, 28.644837 ], [ -17.875532, 28.645045 ], [ -17.876157, 28.645851 ], [ -17.876169, 28.645878 ], [ -17.876395, 28.646710 ], [ -17.876434, 28.647543 ], [ -17.876173, 28.648376 ], [ -17.876157, 28.648392 ], [ -17.875463, 28.649208 ], [ -17.875324, 28.649416 ], [ -17.875047, 28.650041 ], [ -17.874812, 28.650873 ], [ -17.874769, 28.651706 ], [ -17.875047, 28.652539 ], [ -17.875324, 28.652788 ], [ -17.875907, 28.653371 ], [ -17.876157, 28.653728 ], [ -17.876633, 28.654204 ], [ -17.876434, 28.655037 ], [ -17.876157, 28.655245 ], [ -17.875602, 28.655869 ], [ -17.876157, 28.656323 ], [ -17.876990, 28.656646 ], [ -17.877128, 28.656702 ], [ -17.877822, 28.657222 ], [ -17.878030, 28.657534 ], [ -17.878655, 28.657875 ], [ -17.879487, 28.658211 ], [ -17.879666, 28.658367 ], [ -17.879871, 28.658969 ] ] } }
,
{ "type": "Feature", "properties": { "obj_type": "CA010-Elevation Contour", "name": "Unknown", "elev": 600, "notation": "Not Applicable", "or_src_id": 991 }, "geometry": { "type": "LineString", "coordinates": [ [ -17.875962, 28.567913 ], [ -17.875782, 28.568443 ], [ -17.875894, 28.569276 ], [ -17.876010, 28.570108 ], [ -17.875671, 28.570941 ], [ -17.875574, 28.571774 ], [ -17.875622, 28.572606 ], [ -17.875756, 28.573439 ], [ -17.876157, 28.574115 ], [ -17.876469, 28.574272 ], [ -17.876990, 28.574445 ], [ -17.877822, 28.574932 ], [ -17.878072, 28.575104 ], [ -17.878655, 28.575590 ], [ -17.879002, 28.575937 ], [ -17.879258, 28.576769 ], [ -17.879487, 28.577161 ], [ -17.880237, 28.577602 ], [ -17.880320, 28.577721 ], [ -17.880498, 28.578435 ], [ -17.880528, 28.579267 ], [ -17.880465, 28.580100 ], [ -17.880445, 28.580933 ], [ -17.880580, 28.581765 ], [ -17.881153, 28.582147 ], [ -17.881985, 28.581953 ], [ -17.882818, 28.581968 ], [ -17.883651, 28.582329 ], [ -17.883946, 28.582598 ], [ -17.883866, 28.583431 ], [ -17.883651, 28.583573 ], [ -17.882818, 28.583901 ], [ -17.881985, 28.584168 ], [ -17.881800, 28.584263 ], [ -17.881866, 28.585096 ], [ -17.881887, 28.585928 ], [ -17.881236, 28.586761 ], [ -17.881153, 28.587094 ], [ -17.881053, 28.587594 ], [ -17.881153, 28.588010 ], [ -17.881218, 28.588426 ], [ -17.881153, 28.588565 ], [ -17.880824, 28.589259 ], [ -17.880695, 28.590092 ], [ -17.880810, 28.590924 ], [ -17.880505, 28.591757 ], [ -17.880424, 28.592589 ], [ -17.880389, 28.593422 ], [ -17.880320, 28.593630 ], [ -17.880093, 28.594255 ], [ -17.879626, 28.595087 ], [ -17.880003, 28.595920 ], [ -17.880320, 28.596176 ], [ -17.880972, 28.596753 ], [ -17.881153, 28.597215 ], [ -17.881409, 28.597585 ], [ -17.881985, 28.598335 ], [ -17.882037, 28.598418 ], [ -17.882342, 28.599250 ], [ -17.882402, 28.600083 ], [ -17.882177, 28.600916 ], [ -17.882078, 28.601748 ], [ -17.881985, 28.602303 ], [ -17.881944, 28.602581 ], [ -17.881985, 28.602859 ], [ -17.882193, 28.603414 ], [ -17.882515, 28.604246 ], [ -17.882818, 28.605059 ], [ -17.882827, 28.605079 ], [ -17.882922, 28.605911 ], [ -17.882818, 28.606328 ], [ -17.882679, 28.606744 ], [ -17.882104, 28.607577 ], [ -17.881985, 28.607785 ], [ -17.881736, 28.608409 ], [ -17.881291, 28.609242 ], [ -17.881153, 28.609450 ], [ -17.880903, 28.610075 ], [ -17.880820, 28.610907 ], [ -17.880875, 28.611740 ], [ -17.880953, 28.612572 ], [ -17.881153, 28.613391 ], [ -17.881159, 28.613405 ], [ -17.881450, 28.614238 ], [ -17.881517, 28.615070 ], [ -17.881291, 28.615903 ], [ -17.881153, 28.616319 ], [ -17.881049, 28.616736 ], [ -17.881069, 28.617568 ], [ -17.880997, 28.618401 ], [ -17.880558, 28.619234 ], [ -17.880820, 28.620066 ], [ -17.881014, 28.620899 ], [ -17.880986, 28.621731 ], [ -17.881153, 28.622537 ], [ -17.881157, 28.622564 ], [ -17.881420, 28.623397 ], [ -17.881510, 28.624229 ], [ -17.881529, 28.625062 ], [ -17.881777, 28.625895 ], [ -17.881985, 28.626370 ], [ -17.882203, 28.626727 ], [ -17.882818, 28.627472 ], [ -17.882880, 28.627560 ], [ -17.882946, 28.628392 ], [ -17.883109, 28.629225 ], [ -17.883327, 28.630058 ], [ -17.883599, 28.630890 ], [ -17.883484, 28.631723 ], [ -17.883604, 28.632556 ], [ -17.883490, 28.633388 ], [ -17.883651, 28.633607 ], [ -17.883993, 28.634221 ], [ -17.884348, 28.635053 ], [ -17.884483, 28.635387 ], [ -17.884751, 28.635886 ], [ -17.884847, 28.636719 ], [ -17.885094, 28.637551 ], [ -17.885316, 28.637854 ], [ -17.885680, 28.638384 ], [ -17.885857, 28.639217 ], [ -17.886148, 28.639945 ], [ -17.886190, 28.640049 ], [ -17.886393, 28.640882 ], [ -17.886154, 28.641714 ], [ -17.886200, 28.642547 ], [ -17.886148, 28.642755 ], [ -17.885792, 28.643380 ], [ -17.885732, 28.644212 ], [ -17.885593, 28.645045 ], [ -17.885732, 28.645878 ], [ -17.885593, 28.646710 ], [ -17.885360, 28.647543 ], [ -17.885316, 28.647751 ], [ -17.885149, 28.648376 ], [ -17.885252, 28.649208 ], [ -17.885316, 28.649327 ], [ -17.885770, 28.650041 ], [ -17.886148, 28.650857 ], [ -17.886153, 28.650873 ], [ -17.886368, 28.651706 ], [ -17.886537, 28.652539 ], [ -17.886527, 28.653371 ], [ -17.886341, 28.654204 ], [ -17.886277, 28.655037 ], [ -17.886148, 28.655453 ], [ -17.885593, 28.655869 ], [ -17.885316, 28.656008 ], [ -17.884853, 28.656702 ], [ -17.885124, 28.657534 ], [ -17.885316, 28.657701 ], [ -17.885834, 28.658219 ] ] } }
,
{ "type": "Feature", "properties": { "obj_type": "CA010-Elevation Contour", "name": "Unknown", "elev": 500, "notation": "Not Applicable", "or_src_id": 991 }, "geometry": { "type": "LineString", "coordinates": [ [ -17.881448, 28.567203 ], [ -17.881450, 28.567611 ], [ -17.881486, 28.568443 ], [ -17.881338, 28.569276 ], [ -17.881569, 28.570108 ], [ -17.881319, 28.570941 ], [ -17.881430, 28.571774 ], [ -17.881607, 28.572606 ], [ -17.881607, 28.573439 ], [ -17.881985, 28.573817 ], [ -17.882610, 28.574272 ], [ -17.882818, 28.574510 ], [ -17.883078, 28.575104 ], [ -17.883357, 28.575937 ], [ -17.883651, 28.576353 ], [ -17.883944, 28.576769 ], [ -17.884166, 28.577602 ], [ -17.884344, 28.578435 ], [ -17.884437, 28.579267 ], [ -17.884483, 28.579386 ], [ -17.884816, 28.580100 ], [ -17.885316, 28.580781 ], [ -17.885420, 28.580933 ], [ -17.886148, 28.581515 ], [ -17.886603, 28.581765 ], [ -17.886981, 28.582043 ], [ -17.887397, 28.582598 ], [ -17.887435, 28.583431 ], [ -17.887305, 28.584263 ], [ -17.887422, 28.585096 ], [ -17.887675, 28.585928 ], [ -17.887814, 28.586483 ], [ -17.887918, 28.586761 ], [ -17.887814, 28.586969 ], [ -17.886981, 28.587455 ], [ -17.886648, 28.587594 ], [ -17.886148, 28.587843 ], [ -17.885420, 28.588426 ], [ -17.885316, 28.588634 ], [ -17.885004, 28.589259 ], [ -17.885316, 28.589758 ], [ -17.885501, 28.590092 ], [ -17.886056, 28.590924 ], [ -17.886148, 28.591017 ], [ -17.886754, 28.591757 ], [ -17.886912, 28.592589 ], [ -17.886981, 28.592798 ], [ -17.887159, 28.593422 ], [ -17.887074, 28.594255 ], [ -17.886993, 28.595087 ], [ -17.887814, 28.595816 ], [ -17.888022, 28.595920 ], [ -17.888646, 28.596128 ], [ -17.889479, 28.596475 ], [ -17.889955, 28.596753 ], [ -17.890312, 28.596931 ], [ -17.891144, 28.597579 ], [ -17.891152, 28.597585 ], [ -17.891907, 28.598418 ], [ -17.891977, 28.598557 ], [ -17.892497, 28.599250 ], [ -17.892691, 28.600083 ], [ -17.892185, 28.600916 ], [ -17.891977, 28.601415 ], [ -17.891792, 28.601748 ], [ -17.891977, 28.602303 ], [ -17.892026, 28.602581 ], [ -17.891977, 28.602997 ], [ -17.891894, 28.603414 ], [ -17.891838, 28.604246 ], [ -17.891798, 28.605079 ], [ -17.891630, 28.605911 ], [ -17.891272, 28.606744 ], [ -17.891144, 28.607077 ], [ -17.890867, 28.607577 ], [ -17.890561, 28.608409 ], [ -17.890367, 28.609242 ], [ -17.890312, 28.609658 ], [ -17.890252, 28.610075 ], [ -17.890312, 28.610491 ], [ -17.890381, 28.610907 ], [ -17.890312, 28.611026 ], [ -17.889857, 28.611740 ], [ -17.889562, 28.612572 ], [ -17.889485, 28.613405 ], [ -17.889479, 28.613481 ], [ -17.889360, 28.614238 ], [ -17.888979, 28.615070 ], [ -17.888646, 28.615308 ], [ -17.888184, 28.615903 ], [ -17.888134, 28.616736 ], [ -17.888192, 28.617568 ], [ -17.888646, 28.618282 ], [ -17.888693, 28.618401 ], [ -17.888646, 28.618609 ], [ -17.887841, 28.619234 ], [ -17.887814, 28.619309 ], [ -17.887754, 28.620066 ], [ -17.887814, 28.620205 ], [ -17.888074, 28.620899 ], [ -17.888268, 28.621731 ], [ -17.888230, 28.622564 ], [ -17.888461, 28.623397 ], [ -17.888554, 28.624229 ], [ -17.888230, 28.625062 ], [ -17.887814, 28.625728 ], [ -17.887738, 28.625895 ], [ -17.886991, 28.626727 ], [ -17.887259, 28.627560 ], [ -17.887338, 28.628392 ], [ -17.887397, 28.629225 ], [ -17.887814, 28.629503 ], [ -17.888126, 28.630058 ], [ -17.888369, 28.630890 ], [ -17.888646, 28.631707 ], [ -17.888663, 28.631723 ], [ -17.889063, 28.632556 ], [ -17.888959, 28.633388 ], [ -17.889479, 28.633767 ], [ -17.890312, 28.634213 ], [ -17.890323, 28.634221 ], [ -17.891144, 28.634868 ], [ -17.891352, 28.635053 ], [ -17.891849, 28.635886 ], [ -17.891977, 28.636441 ], [ -17.892036, 28.636719 ], [ -17.892271, 28.637551 ], [ -17.892582, 28.638384 ], [ -17.892393, 28.639217 ], [ -17.892671, 28.640049 ], [ -17.892617, 28.640882 ], [ -17.892347, 28.641714 ], [ -17.892696, 28.642547 ], [ -17.892809, 28.642755 ], [ -17.893204, 28.643380 ], [ -17.893404, 28.644212 ], [ -17.893578, 28.645045 ], [ -17.893642, 28.645461 ], [ -17.893694, 28.645878 ], [ -17.894328, 28.646710 ], [ -17.894475, 28.646960 ], [ -17.894960, 28.647543 ], [ -17.895051, 28.648376 ], [ -17.895080, 28.649208 ], [ -17.894550, 28.650041 ], [ -17.894475, 28.650160 ], [ -17.894021, 28.650873 ], [ -17.894391, 28.651706 ], [ -17.894475, 28.651789 ], [ -17.894916, 28.652539 ], [ -17.894891, 28.653371 ], [ -17.894603, 28.654204 ], [ -17.894475, 28.654620 ], [ -17.894382, 28.655037 ], [ -17.894006, 28.655869 ], [ -17.893642, 28.656317 ], [ -17.893143, 28.656702 ], [ -17.892809, 28.657072 ], [ -17.892500, 28.657381 ] ] } }
,
{ "type": "Feature", "properties": { "obj_type": "CA010-Elevation Contour", "name": "Unknown", "elev": 400, "notation": "Not Applicable", "or_src_id": 991 }, "geometry": { "type": "LineString", "coordinates": [ [ -17.886068, 28.566605 ], [ -17.886148, 28.566764 ], [ -17.886155, 28.566778 ], [ -17.886743, 28.567611 ], [ -17.886981, 28.567833 ], [ -17.887592, 28.568443 ], [ -17.887721, 28.569276 ], [ -17.887814, 28.569692 ], [ -17.887918, 28.570108 ], [ -17.888419, 28.570941 ], [ -17.888646, 28.571191 ], [ -17.889375, 28.571774 ], [ -17.889479, 28.571982 ], [ -17.889645, 28.572606 ], [ -17.889528, 28.573439 ], [ -17.889479, 28.573522 ], [ -17.889038, 28.574272 ], [ -17.888646, 28.574938 ], [ -17.888548, 28.575104 ], [ -17.888230, 28.575937 ], [ -17.888490, 28.576769 ], [ -17.888646, 28.577019 ], [ -17.889375, 28.577602 ], [ -17.889479, 28.577672 ], [ -17.890312, 28.578018 ], [ -17.890841, 28.578435 ], [ -17.891144, 28.578738 ], [ -17.891561, 28.579267 ], [ -17.891977, 28.579632 ], [ -17.892445, 28.580100 ], [ -17.892601, 28.580933 ], [ -17.892624, 28.581765 ], [ -17.892809, 28.582182 ], [ -17.892976, 28.582598 ], [ -17.893272, 28.583431 ], [ -17.893642, 28.584243 ], [ -17.893648, 28.584263 ], [ -17.893642, 28.584339 ], [ -17.893573, 28.585096 ], [ -17.893642, 28.585140 ], [ -17.894294, 28.585928 ], [ -17.894475, 28.586226 ], [ -17.894869, 28.586761 ], [ -17.894475, 28.587442 ], [ -17.894399, 28.587594 ], [ -17.893642, 28.588318 ], [ -17.893434, 28.588426 ], [ -17.893254, 28.589259 ], [ -17.893365, 28.590092 ], [ -17.893550, 28.590924 ], [ -17.893476, 28.591757 ], [ -17.893642, 28.592256 ], [ -17.893793, 28.592589 ], [ -17.894475, 28.593214 ], [ -17.894787, 28.593422 ], [ -17.895307, 28.593885 ], [ -17.895564, 28.594255 ], [ -17.896140, 28.594936 ], [ -17.896259, 28.595087 ], [ -17.896670, 28.595920 ], [ -17.896973, 28.596396 ], [ -17.897329, 28.596753 ], [ -17.897686, 28.597585 ], [ -17.897666, 28.598418 ], [ -17.897357, 28.599250 ], [ -17.897389, 28.600083 ], [ -17.897654, 28.600916 ], [ -17.897639, 28.601748 ], [ -17.897583, 28.602581 ], [ -17.897549, 28.603414 ], [ -17.897508, 28.604246 ], [ -17.897730, 28.605079 ], [ -17.897730, 28.605911 ], [ -17.897578, 28.606744 ], [ -17.897427, 28.607577 ], [ -17.897389, 28.608409 ], [ -17.897613, 28.609242 ], [ -17.897805, 28.609866 ], [ -17.897898, 28.610075 ], [ -17.898175, 28.610907 ], [ -17.898013, 28.611740 ], [ -17.898061, 28.612572 ], [ -17.898190, 28.613405 ], [ -17.898388, 28.614238 ], [ -17.898638, 28.615044 ], [ -17.898643, 28.615070 ], [ -17.898638, 28.615082 ], [ -17.898108, 28.615903 ], [ -17.897812, 28.616736 ], [ -17.897812, 28.617568 ], [ -17.897805, 28.617585 ], [ -17.897111, 28.618401 ], [ -17.897181, 28.619234 ], [ -17.897472, 28.620066 ], [ -17.897805, 28.620344 ], [ -17.898083, 28.620899 ], [ -17.897990, 28.621731 ], [ -17.898638, 28.622552 ], [ -17.898648, 28.622564 ], [ -17.899054, 28.623397 ], [ -17.899233, 28.624229 ], [ -17.898645, 28.625062 ], [ -17.898638, 28.625138 ], [ -17.898534, 28.625895 ], [ -17.898043, 28.626727 ], [ -17.898471, 28.627560 ], [ -17.898638, 28.627976 ], [ -17.898742, 28.628392 ], [ -17.898638, 28.628601 ], [ -17.898138, 28.629225 ], [ -17.898453, 28.630058 ], [ -17.898268, 28.630890 ], [ -17.897972, 28.631723 ], [ -17.897816, 28.632556 ], [ -17.897957, 28.633388 ], [ -17.898222, 28.634221 ], [ -17.898638, 28.634498 ], [ -17.899193, 28.635053 ], [ -17.899470, 28.635553 ], [ -17.899637, 28.635886 ], [ -17.900026, 28.636719 ], [ -17.900303, 28.637531 ], [ -17.900317, 28.637551 ], [ -17.900553, 28.638384 ], [ -17.900909, 28.639217 ], [ -17.901136, 28.639841 ], [ -17.901228, 28.640049 ], [ -17.901552, 28.640882 ], [ -17.901598, 28.641714 ], [ -17.901374, 28.642547 ], [ -17.901136, 28.642880 ], [ -17.900824, 28.643380 ], [ -17.900511, 28.644212 ], [ -17.901136, 28.644837 ], [ -17.901302, 28.645045 ], [ -17.901635, 28.645878 ], [ -17.901413, 28.646710 ], [ -17.901143, 28.647543 ], [ -17.901612, 28.648376 ], [ -17.901776, 28.649208 ], [ -17.901302, 28.650041 ], [ -17.901136, 28.650207 ], [ -17.900581, 28.650873 ], [ -17.901066, 28.651706 ], [ -17.900838, 28.652539 ], [ -17.900379, 28.653371 ], [ -17.900303, 28.653649 ], [ -17.900175, 28.654204 ], [ -17.900303, 28.654389 ], [ -17.901136, 28.654524 ], [ -17.901968, 28.654442 ], [ -17.902801, 28.654828 ], [ -17.903217, 28.655037 ], [ -17.903495, 28.655869 ], [ -17.903473, 28.656002 ] ] } }
,
{ "type": "Feature", "properties": { "obj_type": "CA010-Elevation Contour", "name": "Unknown", "elev": 300, "notation": "Not Applicable", "or_src_id": 991 }, "geometry": { "type": "LineString", "coordinates": [ [ -17.889149, 28.566206 ], [ -17.889294, 28.566778 ], [ -17.889479, 28.567194 ], [ -17.889654, 28.567611 ], [ -17.889726, 28.568443 ], [ -17.890083, 28.569276 ], [ -17.890312, 28.569547 ], [ -17.890886, 28.570108 ], [ -17.891144, 28.570525 ], [ -17.891375, 28.570941 ], [ -17.891918, 28.571774 ], [ -17.891977, 28.571864 ], [ -17.892381, 28.572606 ], [ -17.892565, 28.573439 ], [ -17.892809, 28.574147 ], [ -17.892849, 28.574272 ], [ -17.893354, 28.575104 ], [ -17.893642, 28.575509 ], [ -17.893972, 28.575937 ], [ -17.894342, 28.576769 ], [ -17.894475, 28.577186 ], [ -17.894591, 28.577602 ], [ -17.895195, 28.578435 ], [ -17.895307, 28.578554 ], [ -17.896140, 28.579120 ], [ -17.896556, 28.579267 ], [ -17.896973, 28.579736 ], [ -17.897701, 28.580100 ], [ -17.897805, 28.580176 ], [ -17.898295, 28.580933 ], [ -17.898482, 28.581765 ], [ -17.898586, 28.582598 ], [ -17.898638, 28.582690 ], [ -17.898853, 28.583431 ], [ -17.899470, 28.584197 ], [ -17.899528, 28.584263 ], [ -17.899919, 28.585096 ], [ -17.900251, 28.585928 ], [ -17.900251, 28.586761 ], [ -17.900303, 28.587518 ], [ -17.900307, 28.587594 ], [ -17.900303, 28.587621 ], [ -17.900156, 28.588426 ], [ -17.899925, 28.589259 ], [ -17.899887, 28.590092 ], [ -17.900303, 28.590904 ], [ -17.900315, 28.590924 ], [ -17.901136, 28.591745 ], [ -17.901147, 28.591757 ], [ -17.901760, 28.592589 ], [ -17.901968, 28.592718 ], [ -17.902801, 28.593376 ], [ -17.902884, 28.593422 ], [ -17.903277, 28.594255 ], [ -17.903389, 28.595087 ], [ -17.903190, 28.595920 ], [ -17.902801, 28.596450 ], [ -17.902605, 28.596753 ], [ -17.902510, 28.597585 ], [ -17.902686, 28.598418 ], [ -17.902712, 28.599250 ], [ -17.902801, 28.599563 ], [ -17.903121, 28.600083 ], [ -17.903634, 28.600453 ], [ -17.904466, 28.600777 ], [ -17.904704, 28.600916 ], [ -17.905206, 28.601748 ], [ -17.905299, 28.601956 ], [ -17.905526, 28.602581 ], [ -17.905632, 28.603414 ], [ -17.905382, 28.604246 ], [ -17.905299, 28.604663 ], [ -17.905195, 28.605079 ], [ -17.904996, 28.605911 ], [ -17.905223, 28.606744 ], [ -17.905299, 28.607501 ], [ -17.905306, 28.607577 ], [ -17.905311, 28.608409 ], [ -17.905299, 28.608430 ], [ -17.905021, 28.609242 ], [ -17.905299, 28.609658 ], [ -17.905555, 28.610075 ], [ -17.905789, 28.610907 ], [ -17.906132, 28.611490 ], [ -17.906270, 28.611740 ], [ -17.906310, 28.612572 ], [ -17.906132, 28.612885 ], [ -17.905811, 28.613405 ], [ -17.905753, 28.614238 ], [ -17.905854, 28.615070 ], [ -17.906132, 28.615883 ], [ -17.906143, 28.615903 ], [ -17.906964, 28.616724 ], [ -17.906976, 28.616736 ], [ -17.907380, 28.617568 ], [ -17.907797, 28.618381 ], [ -17.907813, 28.618401 ], [ -17.907936, 28.619234 ], [ -17.908213, 28.620066 ], [ -17.908463, 28.620899 ], [ -17.908629, 28.621065 ], [ -17.908999, 28.621731 ], [ -17.909462, 28.622425 ], [ -17.909601, 28.622564 ], [ -17.909647, 28.623397 ], [ -17.909462, 28.623674 ], [ -17.909224, 28.624229 ], [ -17.909370, 28.625062 ], [ -17.909462, 28.625819 ], [ -17.909474, 28.625895 ], [ -17.909472, 28.626727 ], [ -17.909462, 28.626767 ], [ -17.909277, 28.627560 ], [ -17.909358, 28.628392 ], [ -17.909462, 28.628670 ], [ -17.909740, 28.629225 ], [ -17.909878, 28.630058 ], [ -17.910086, 28.630890 ], [ -17.910295, 28.631168 ], [ -17.910850, 28.631723 ], [ -17.910989, 28.632556 ], [ -17.911127, 28.632833 ], [ -17.911544, 28.633388 ], [ -17.911603, 28.634221 ], [ -17.911793, 28.635053 ], [ -17.911752, 28.635886 ], [ -17.911127, 28.636386 ], [ -17.910889, 28.636719 ], [ -17.910311, 28.637551 ], [ -17.910295, 28.637572 ], [ -17.909819, 28.638384 ], [ -17.909462, 28.639008 ], [ -17.909398, 28.639217 ], [ -17.909462, 28.639633 ], [ -17.910295, 28.639811 ], [ -17.911127, 28.639772 ], [ -17.911960, 28.639811 ], [ -17.912376, 28.640049 ], [ -17.912376, 28.640882 ], [ -17.912793, 28.641120 ], [ -17.913625, 28.641548 ], [ -17.913744, 28.641714 ], [ -17.913958, 28.642547 ], [ -17.914041, 28.643380 ], [ -17.914180, 28.644212 ], [ -17.914458, 28.644629 ], [ -17.914874, 28.645045 ], [ -17.915290, 28.645212 ], [ -17.915846, 28.645878 ], [ -17.916123, 28.646671 ], [ -17.916150, 28.646710 ], [ -17.916539, 28.647543 ], [ -17.916956, 28.647820 ], [ -17.917025, 28.647543 ], [ -17.917788, 28.647004 ], [ -17.918621, 28.646855 ], [ -17.919207, 28.647543 ], [ -17.919454, 28.647739 ], [ -17.920286, 28.647842 ], [ -17.920900, 28.647543 ], [ -17.921119, 28.647404 ], [ -17.921951, 28.647164 ], [ -17.922354, 28.647543 ], [ -17.922645, 28.648376 ], [ -17.922645, 28.649208 ], [ -17.921951, 28.649902 ], [ -17.921813, 28.650041 ], [ -17.921951, 28.650857 ], [ -17.921968, 28.650873 ], [ -17.922784, 28.651690 ], [ -17.922789, 28.651706 ], [ -17.922784, 28.651715 ], [ -17.921951, 28.652261 ], [ -17.921535, 28.652539 ], [ -17.921951, 28.653296 ], [ -17.921978, 28.653371 ], [ -17.922043, 28.653667 ] ] } }
,
{ "type": "Feature", "properties": { "obj_type": "CA010-Elevation Contour", "name": "Unknown", "elev": 200, "notation": "Not Applicable", "or_src_id": 991 }, "geometry": { "type": "MultiLineString", "coordinates": [ [ [ -17.890200, 28.566070 ], [ -17.890312, 28.566348 ], [ -17.890489, 28.566778 ], [ -17.890781, 28.567611 ], [ -17.890918, 28.568443 ], [ -17.891144, 28.568677 ], [ -17.891669, 28.569276 ], [ -17.891977, 28.569741 ], [ -17.892217, 28.570108 ], [ -17.892809, 28.570783 ], [ -17.892916, 28.570941 ], [ -17.893103, 28.571774 ], [ -17.893495, 28.572606 ], [ -17.893642, 28.573008 ], [ -17.893861, 28.573439 ], [ -17.894351, 28.574272 ], [ -17.894475, 28.574398 ], [ -17.895287, 28.575104 ], [ -17.895307, 28.575140 ], [ -17.895681, 28.575937 ], [ -17.896024, 28.576769 ], [ -17.896140, 28.577063 ], [ -17.896369, 28.577602 ], [ -17.896973, 28.577968 ], [ -17.897805, 28.578157 ], [ -17.898638, 28.578279 ], [ -17.898941, 28.578435 ], [ -17.899470, 28.578807 ], [ -17.899871, 28.579267 ], [ -17.900217, 28.580100 ], [ -17.900303, 28.580484 ], [ -17.900422, 28.580933 ], [ -17.900488, 28.581765 ], [ -17.900377, 28.582598 ], [ -17.900719, 28.583431 ], [ -17.901136, 28.583962 ], [ -17.901350, 28.584263 ], [ -17.901968, 28.584992 ], [ -17.902059, 28.585096 ], [ -17.902801, 28.585927 ], [ -17.902803, 28.585928 ], [ -17.903634, 28.586745 ], [ -17.903647, 28.586761 ], [ -17.904466, 28.587542 ], [ -17.904513, 28.587594 ], [ -17.904945, 28.588426 ], [ -17.905299, 28.588971 ], [ -17.905496, 28.589259 ], [ -17.906132, 28.590013 ], [ -17.906236, 28.590092 ], [ -17.906964, 28.590739 ], [ -17.907149, 28.590924 ], [ -17.907797, 28.591624 ], [ -17.907916, 28.591757 ], [ -17.908629, 28.592470 ], [ -17.908886, 28.592589 ], [ -17.909462, 28.592889 ], [ -17.910128, 28.593422 ], [ -17.910295, 28.593678 ], [ -17.910651, 28.594255 ], [ -17.911127, 28.594968 ], [ -17.911185, 28.595087 ], [ -17.911344, 28.595920 ], [ -17.911519, 28.596753 ], [ -17.911877, 28.597585 ], [ -17.911960, 28.597724 ], [ -17.912280, 28.598418 ], [ -17.912565, 28.599250 ], [ -17.912717, 28.600083 ], [ -17.912600, 28.600916 ], [ -17.912793, 28.601540 ], [ -17.912862, 28.601748 ], [ -17.913126, 28.602581 ], [ -17.913625, 28.603295 ], [ -17.913708, 28.603414 ], [ -17.913903, 28.604246 ], [ -17.913903, 28.605079 ], [ -17.913982, 28.605911 ], [ -17.914458, 28.606578 ], [ -17.914562, 28.606744 ], [ -17.915171, 28.607577 ], [ -17.915290, 28.607728 ], [ -17.915790, 28.608409 ], [ -17.916123, 28.608864 ], [ -17.916502, 28.609242 ], [ -17.916956, 28.609742 ], [ -17.917258, 28.610075 ], [ -17.917216, 28.610907 ], [ -17.916956, 28.611286 ], [ -17.916623, 28.611740 ], [ -17.916290, 28.612572 ], [ -17.916800, 28.613405 ], [ -17.916956, 28.613483 ], [ -17.917788, 28.614234 ], [ -17.917792, 28.614238 ], [ -17.918257, 28.615070 ], [ -17.918373, 28.615903 ], [ -17.918450, 28.616736 ], [ -17.918309, 28.617568 ], [ -17.917858, 28.618401 ], [ -17.917881, 28.619234 ], [ -17.917980, 28.620066 ], [ -17.917793, 28.620899 ], [ -17.917794, 28.621731 ], [ -17.917892, 28.622564 ], [ -17.917837, 28.623397 ], [ -17.917788, 28.623535 ], [ -17.917511, 28.624229 ], [ -17.917233, 28.625062 ], [ -17.917344, 28.625895 ], [ -17.917788, 28.626265 ], [ -17.918167, 28.626727 ], [ -17.918621, 28.627021 ], [ -17.919232, 28.627560 ], [ -17.919454, 28.627798 ], [ -17.919881, 28.628392 ], [ -17.920286, 28.629183 ], [ -17.920315, 28.629225 ], [ -17.920656, 28.630058 ], [ -17.921077, 28.630890 ], [ -17.921119, 28.630946 ], [ -17.921951, 28.631604 ], [ -17.922136, 28.631723 ], [ -17.922784, 28.632253 ], [ -17.923117, 28.632556 ], [ -17.923617, 28.633180 ], [ -17.923728, 28.633388 ], [ -17.924204, 28.634221 ], [ -17.924449, 28.634637 ], [ -17.924648, 28.635053 ], [ -17.924762, 28.635886 ], [ -17.924577, 28.636719 ], [ -17.924866, 28.637551 ], [ -17.925282, 28.638037 ], [ -17.925579, 28.638384 ], [ -17.926115, 28.638884 ], [ -17.926471, 28.639217 ], [ -17.926947, 28.639692 ], [ -17.927364, 28.640049 ], [ -17.927780, 28.640604 ], [ -17.928030, 28.640882 ], [ -17.928196, 28.641714 ], [ -17.927958, 28.642547 ], [ -17.928446, 28.643380 ], [ -17.928612, 28.643618 ], [ -17.929133, 28.644212 ], [ -17.929445, 28.644837 ], [ -17.929538, 28.645045 ], [ -17.929975, 28.645878 ], [ -17.930278, 28.646294 ], [ -17.930581, 28.646710 ], [ -17.930436, 28.647543 ], [ -17.930833, 28.648376 ], [ -17.931110, 28.648603 ], [ -17.931943, 28.648792 ], [ -17.932776, 28.648820 ], [ -17.933608, 28.649132 ], [ -17.933816, 28.649208 ], [ -17.934441, 28.650014 ], [ -17.934444, 28.650041 ], [ -17.934557, 28.650873 ], [ -17.934500, 28.651706 ], [ -17.934979, 28.652041 ] ], [ [ -17.935697, 28.651950 ], [ -17.936047, 28.651706 ], [ -17.936106, 28.651673 ], [ -17.936939, 28.651697 ], [ -17.936952, 28.651706 ], [ -17.937050, 28.651780 ] ] ] } }
,
{ "type": "Feature", "properties": { "obj_type": "CA010-Elevation Contour", "name": "Unknown", "elev": 100, "notation": "Not Applicable", "or_src_id": 991 }, "geometry": { "type": "LineString", "coordinates": [ [ -17.891499, 28.565902 ], [ -17.891512, 28.565945 ], [ -17.891841, 28.566778 ], [ -17.891977, 28.567044 ], [ -17.892340, 28.567611 ], [ -17.892674, 28.568443 ], [ -17.892809, 28.568807 ], [ -17.893166, 28.569276 ], [ -17.893521, 28.570108 ], [ -17.893642, 28.570329 ], [ -17.894021, 28.570941 ], [ -17.894305, 28.571774 ], [ -17.894475, 28.572035 ], [ -17.895046, 28.572606 ], [ -17.895307, 28.572912 ], [ -17.895724, 28.573439 ], [ -17.896140, 28.573825 ], [ -17.896663, 28.574272 ], [ -17.896973, 28.574688 ], [ -17.897346, 28.575104 ], [ -17.897753, 28.575937 ], [ -17.897805, 28.576122 ], [ -17.898097, 28.576769 ], [ -17.898638, 28.576947 ], [ -17.899470, 28.577342 ], [ -17.899838, 28.577602 ], [ -17.900303, 28.577906 ], [ -17.900928, 28.578435 ], [ -17.901136, 28.578712 ], [ -17.901534, 28.579267 ], [ -17.901876, 28.580100 ], [ -17.901968, 28.580447 ], [ -17.902169, 28.580933 ], [ -17.902236, 28.581765 ], [ -17.902161, 28.582598 ], [ -17.902312, 28.583431 ], [ -17.902801, 28.584112 ], [ -17.902926, 28.584263 ], [ -17.903634, 28.584937 ], [ -17.903856, 28.585096 ], [ -17.904466, 28.585925 ], [ -17.904468, 28.585928 ], [ -17.905046, 28.586761 ], [ -17.905299, 28.587044 ], [ -17.905781, 28.587594 ], [ -17.906132, 28.588106 ], [ -17.906409, 28.588426 ], [ -17.906964, 28.588947 ], [ -17.907290, 28.589259 ], [ -17.907797, 28.589725 ], [ -17.908629, 28.590090 ], [ -17.908635, 28.590092 ], [ -17.909462, 28.590647 ], [ -17.909974, 28.590924 ], [ -17.910295, 28.591058 ], [ -17.911127, 28.591326 ], [ -17.911722, 28.591757 ], [ -17.911960, 28.592256 ], [ -17.912126, 28.592589 ], [ -17.912600, 28.593422 ], [ -17.912793, 28.593755 ], [ -17.913105, 28.594255 ], [ -17.913411, 28.595087 ], [ -17.913625, 28.595504 ], [ -17.913966, 28.595920 ], [ -17.914433, 28.596753 ], [ -17.914458, 28.596828 ], [ -17.914755, 28.597585 ], [ -17.915082, 28.598418 ], [ -17.915149, 28.599250 ], [ -17.915275, 28.600083 ], [ -17.915290, 28.600106 ], [ -17.915856, 28.600916 ], [ -17.916123, 28.601193 ], [ -17.916620, 28.601748 ], [ -17.916956, 28.602239 ], [ -17.917273, 28.602581 ], [ -17.917788, 28.602948 ], [ -17.918552, 28.603414 ], [ -17.918621, 28.603497 ], [ -17.919156, 28.604246 ], [ -17.919454, 28.604551 ], [ -17.919982, 28.605079 ], [ -17.920286, 28.605383 ], [ -17.920719, 28.605911 ], [ -17.921119, 28.606536 ], [ -17.921215, 28.606744 ], [ -17.921535, 28.607577 ], [ -17.921951, 28.608243 ], [ -17.922036, 28.608409 ], [ -17.922234, 28.609242 ], [ -17.922546, 28.610075 ], [ -17.922784, 28.610408 ], [ -17.922984, 28.610907 ], [ -17.923274, 28.611740 ], [ -17.923617, 28.612468 ], [ -17.923632, 28.612572 ], [ -17.924033, 28.613405 ], [ -17.924449, 28.614127 ], [ -17.924473, 28.614238 ], [ -17.924727, 28.615070 ], [ -17.925242, 28.615903 ], [ -17.925282, 28.615996 ], [ -17.925512, 28.616736 ], [ -17.925963, 28.617568 ], [ -17.926115, 28.617846 ], [ -17.926238, 28.618401 ], [ -17.926499, 28.619234 ], [ -17.926448, 28.620066 ], [ -17.926435, 28.620899 ], [ -17.926614, 28.621731 ], [ -17.926739, 28.622564 ], [ -17.926947, 28.623370 ], [ -17.926955, 28.623397 ], [ -17.927030, 28.624229 ], [ -17.926957, 28.625062 ], [ -17.926947, 28.625138 ], [ -17.926855, 28.625895 ], [ -17.926843, 28.626727 ], [ -17.926947, 28.626846 ], [ -17.927572, 28.627560 ], [ -17.927780, 28.627893 ], [ -17.928092, 28.628392 ], [ -17.928242, 28.629225 ], [ -17.928427, 28.630058 ], [ -17.928494, 28.630890 ], [ -17.928612, 28.631057 ], [ -17.929088, 28.631723 ], [ -17.929445, 28.631915 ], [ -17.930278, 28.632545 ], [ -17.930286, 28.632556 ], [ -17.930382, 28.633388 ], [ -17.930872, 28.634221 ], [ -17.931110, 28.634459 ], [ -17.931943, 28.634961 ], [ -17.932082, 28.635053 ], [ -17.932776, 28.635870 ], [ -17.932786, 28.635886 ], [ -17.933608, 28.636552 ], [ -17.933846, 28.636719 ], [ -17.933965, 28.637551 ], [ -17.934322, 28.638384 ], [ -17.934441, 28.638800 ], [ -17.934533, 28.639217 ], [ -17.934774, 28.640049 ], [ -17.935036, 28.640882 ], [ -17.935145, 28.641714 ], [ -17.934517, 28.642547 ], [ -17.934441, 28.642651 ], [ -17.934117, 28.643380 ], [ -17.934441, 28.644027 ], [ -17.934679, 28.644212 ], [ -17.934718, 28.645045 ], [ -17.934453, 28.645878 ], [ -17.935273, 28.646294 ], [ -17.935616, 28.646710 ], [ -17.936106, 28.647231 ], [ -17.936323, 28.647543 ], [ -17.936939, 28.648067 ], [ -17.937771, 28.648176 ], [ -17.938229, 28.648376 ], [ -17.938604, 28.648535 ], [ -17.939437, 28.649017 ], [ -17.940269, 28.649096 ], [ -17.941102, 28.649192 ], [ -17.941194, 28.649208 ], [ -17.941935, 28.649325 ], [ -17.942767, 28.649423 ], [ -17.943600, 28.649570 ], [ -17.944141, 28.650041 ], [ -17.943600, 28.650626 ], [ -17.943469, 28.650873 ], [ -17.943303, 28.650994 ] ] } }

]
}
