{
"type": "FeatureCollection",
"features": [
{ "type": "Feature", "properties": { "emsr_id": "EMSR546", "glide_no": "Not Applicable", "area_id": "01", "locality": "La Palma", "map_type": "Grading-Monit03" }, "geometry": { "type": "Polygon", "coordinates": [ [ [ -17.818749, 28.575316 ], [ -17.899862, 28.564820 ], [ -17.929336, 28.595006 ], [ -17.929097, 28.605894 ], [ -17.941387, 28.635412 ], [ -17.946180, 28.638867 ], [ -17.949685, 28.650192 ], [ -17.836305, 28.664446 ], [ -17.832656, 28.644786 ], [ -17.827183, 28.630626 ], [ -17.818749, 28.575316 ] ] ] } }

]
}
