{
"type": "FeatureCollection",
"features": [
{ "type": "Feature", "properties": { "obj_type": "Image Footprint", "or_src_id": 1 }, "geometry": { "type": "Polygon", "coordinates": [ [ [ -17.833065, 28.560510 ], [ -17.899381, 28.550688 ], [ -17.902117, 28.550926 ], [ -17.904179, 28.552354 ], [ -17.941216, 28.595928 ], [ -17.942327, 28.597356 ], [ -17.966429, 28.660725 ], [ -17.966667, 28.663628 ], [ -17.965001, 28.666151 ], [ -17.961908, 28.667578 ], [ -17.832216, 28.683541 ], [ -17.832261, 28.677100 ], [ -17.831620, 28.644229 ], [ -17.831937, 28.600510 ], [ -17.832895, 28.585091 ], [ -17.833065, 28.560510 ] ] ] } }
,
{ "type": "Feature", "properties": { "obj_type": "Image Footprint", "or_src_id": 67 }, "geometry": { "type": "Polygon", "coordinates": [ [ [ -17.821768, 28.647256 ], [ -17.839782, 28.569109 ], [ -17.845061, 28.558754 ], [ -17.967502, 28.589314 ], [ -17.947867, 28.652936 ], [ -17.936206, 28.674687 ], [ -17.821768, 28.647256 ] ] ] } }
,
{ "type": "Feature", "properties": { "obj_type": "Not Analysed - No data", "or_src_id": 67 }, "geometry": { "type": "Polygon", "coordinates": [ [ [ -17.849363, 28.656120 ], [ -17.844328, 28.652704 ], [ -17.857308, 28.655821 ], [ -17.849363, 28.656120 ] ] ] } }
,
{ "type": "Feature", "properties": { "obj_type": "Not Analysed - No data", "or_src_id": 67 }, "geometry": { "type": "Polygon", "coordinates": [ [ [ -17.834093, 28.589255 ], [ -17.835164, 28.589150 ], [ -17.833960, 28.594389 ], [ -17.834093, 28.589255 ] ] ] } }
,
{ "type": "Feature", "properties": { "obj_type": "Not Analysed - No data", "or_src_id": 67 }, "geometry": { "type": "Polygon", "coordinates": [ [ [ -17.881719, 28.553788 ], [ -17.892483, 28.552031 ], [ -17.892587, 28.553132 ], [ -17.908452, 28.574573 ], [ -17.878284, 28.567012 ], [ -17.879674, 28.554052 ], [ -17.881719, 28.553788 ] ] ] } }

]
}
