yyyymmdd,hhmmss.sss,lat,lon,depth,Mw,q1,q2,nSta,nPha,ID,sourceType,Swarm,Phase
20210909,002858.000,28.578,-17.7931,13.2,1.2,0,0,0,0, es2021rqsuj,0,,0
20210907,051913.000,28.5789,-17.8573,9.2,1.1,0,0,0,0, es2021rnlir,0,,0
20210902,043155.000,28.6358,-17.8676,14.5,1.3,0,0,0,0, es2021regfj,0,,0
20210828,013024.000,28.5237,-17.8017,25.6,1.1,0,0,0,0, es2021quwqx,0,,0
20210828,012700.000,28.5565,-17.7771,21.6,0.9,0,0,0,0, es2021quwnz,0,,0
20210828,012404.000,28.5439,-17.7987,22.1,1.1,0,0,0,0, es2021quwlm,0,,0
20210827,231618.000,28.5506,-17.8304,24.2,1.2,0,0,0,0, es2021qusfw,0,,0
20210827,231407.000,28.5469,-17.8107,21.0,1.2,0,0,0,0, es2021qusea,0,,0
20210827,223016.000,28.5635,-17.8295,20.7,1.0,0,0,0,0, es2021quqsk,0,,0
20210827,175611.000,28.544,-17.8786,24.1,1.1,0,0,0,0, es2021quhrg,0,,0
20210827,175020.000,28.5791,-17.8576,20.0,1.1,0,0,0,0, es2021quhmf,0,,0
20210827,174520.000,28.5639,-17.8696,22.0,1.2,0,0,0,0, es2021quhhy,0,,0
20210827,174255.000,28.5559,-17.8189,24.2,1.4,0,0,0,0, es2021quhfw,0,,0
20210817,132453.000,28.5456,-17.8187,16.2,1.6,0,0,0,0, es2021qbrpb,0,,0
20210815,111757.000,28.5581,-17.8853,0.2,1.1,0,0,0,0, es2021pxwjm,0,,0
20210812,171103.000,28.5479,-17.952,16.7,1.6,0,0,0,0, es2021psvmj,0,,0
20210730,003551.000,28.5132,-17.8298,31.9,1.8,0,0,0,0, es2021otuzd,0,,0
20210730,002456.000,28.6439,-17.8517,0.0,1.8,0,0,0,0, es2021otupt,0,,0
20210707,235521.000,28.3102,-17.7307,5.0,1.9,0,0,0,0, es2021nfoiu,0,,0
20210627,010354.000,28.5608,-17.8179,30.0,1.4,0,0,0,0, es2021mlnyv,0,10.0,0
20210627,010212.000,28.6031,-17.7708,33.3,1.8,0,0,0,0, es2021mlnxm,0,10.0,0
20210627,005633.000,28.5847,-17.7879,31.4,1.5,0,0,0,0, es2021mlnsn,0,10.0,0
20210627,005516.000,28.5358,-17.8359,32.7,1.3,0,0,0,0, es2021mlnrk,0,10.0,0
20210627,005221.000,28.5712,-17.8077,31.2,1.3,0,0,0,0, es2021mlnox,0,10.0,0
20210627,001348.000,28.5859,-17.8011,32.6,1.2,0,0,0,0, es2021mlmhv,0,10.0,0
20210626,062107.000,28.4875,-17.9264,31.0,1.6,0,0,0,0, es2021mkcxp,0,10.0,0
20210626,061216.000,28.4772,-17.888,20.9,1.4,0,0,0,0, es2021mkcqa,0,10.0,0
20210626,055524.000,28.4951,-17.9055,28.2,1.5,0,0,0,0, es2021mkcbo,0,10.0,0
20210626,055330.000,28.5118,-17.8438,24.9,1.5,0,0,0,0, es2021mkbzx,0,10.0,0
20210626,015032.000,28.5404,-17.8687,37.0,1.5,0,0,0,0, es2021mjtzm,0,10.0,0
20210626,014354.000,28.5942,-17.7902,33.5,1.5,0,0,0,0, es2021mjttu,0,10.0,0
20210626,014246.000,28.5518,-17.8551,35.0,1.4,0,0,0,0, es2021mjtsv,0,10.0,0
20210626,012920.000,28.6273,-17.7512,33.8,1.1,0,0,0,0, es2021mjthh,0,10.0,0
20210626,010611.000,28.5405,-17.8863,31.4,2.0,0,0,0,0, es2021mjsna,0,10.0,0
20210626,005237.000,28.5629,-17.8152,31.9,1.6,0,0,0,0, es2021mjsbu,0,10.0,0
20210626,005100.000,28.5576,-17.8845,29.2,1.2,0,0,0,0, es2021mjsak,0,10.0,0
20210626,004711.000,28.6075,-17.773,30.0,1.2,0,0,0,0, es2021mjrxd,0,10.0,0
20210626,004515.000,28.579,-17.8025,33.1,1.7,0,0,0,0, es2021mjrvm,0,10.0,0
20210625,225246.000,28.529,-17.8451,32.5,1.5,0,0,0,0, es2021mjocz,0,10.0,0
20210625,225108.000,28.5244,-17.8333,23.6,1.2,0,0,0,0, es2021mjobo,0,10.0,0
20210625,214603.000,28.5042,-17.8248,20.7,1.1,0,0,0,0, es2021mjlxt,0,10.0,0
20210625,212335.000,28.5579,-17.7884,26.0,1.2,0,0,0,0, es2021mjlem,0,10.0,0
20210625,212113.000,28.5695,-17.7853,28.7,1.5,0,0,0,0, es2021mjlcl,0,10.0,0
20210625,180955.000,28.532,-17.8379,31.6,1.9,0,0,0,0, es2021mjeui,0,10.0,0
20210625,180456.000,28.5409,-17.8218,30.9,1.4,0,0,0,0, es2021mjeqb,0,10.0,0
20210625,175403.000,28.5785,-17.7642,27.0,1.6,0,0,0,0, es2021mjegs,0,10.0,0
20210625,173909.000,28.6178,-17.7709,32.8,1.6,0,0,0,0, es2021mjdty,0,10.0,0
20210625,154056.000,28.5236,-17.8909,33.8,2.0,0,0,0,0, es2021mizwn,0,10.0,0
20210625,141510.000,28.5245,-17.8711,31.2,1.9,0,0,0,0, es2021mixay,0,10.0,0
20210625,141034.000,28.5242,-17.8429,28.3,1.3,0,0,0,0, es2021miwwz,0,10.0,0
20210625,125508.000,28.5381,-17.8547,33.6,1.9,0,0,0,0, es2021miukh,0,10.0,0
20210625,124836.000,28.5676,-17.814,33.6,2.2,0,0,0,0, es2021miuer,0,10.0,0
20210625,080835.000,28.5907,-17.8047,32.4,1.7,0,0,0,0, es2021mikyl,0,10.0,0
20210625,073728.000,28.4735,-17.8368,18.3,1.6,0,0,0,0, es2021mijxt,0,10.0,0
20210625,072257.000,28.5913,-17.7925,32.1,2.2,0,0,0,0, es2021mijli,0,10.0,0
20210625,071938.000,28.5379,-17.8257,29.6,1.7,0,0,0,0, es2021mijim,0,10.0,0
20210618,040624.000,28.565,-17.8494,5.9,1.0,0,0,0,0, es2021lvijg,0,10.0,0
20210617,013123.000,28.6841,-17.8281,3.0,1.3,0,0,0,0, es2021lthsy,0,10.0,0
20210420,231818.000,28.5057,-17.8259,21.6,1.6,0,0,0,0, es2021hszcd,0,0.0,0
20210420,223330.000,28.5494,-17.7819,17.0,1.7,0,0,0,0, es2021hsxps,0,0.0,0
20210401,030008.000,28.5411,-17.8092,10.5,1.2,0,0,0,0, es2021gisdo,0,0.0,0
20210302,181001.000,28.6856,-17.8852,15.0,0.9,0,0,0,0, es2021ehatu,0,0.0,0
20210226,004820.000,28.4994,-17.8899,15.3,1.8,0,0,0,0, es2021dykiu,0,0.0,0
20210214,023105.000,28.4925,-17.8327,13.6,1.6,0,0,0,0, es2021dcpou,0,0.0,0
20210211,165053.000,28.573,-17.903,26.2,1.8,0,0,0,0, es2021cyfkj,0,0.0,0
20210202,031303.000,28.5752,-17.9343,27.6,2.2,0,0,0,0, es2021cgsuq,0,9.0,0
20210201,034705.000,28.5558,-17.8293,20.6,2.0,0,0,0,0, es2021ceykm,0,9.0,0
20210201,021533.000,28.5784,-17.8502,20.4,1.9,0,0,0,0, es2021cevji,0,9.0,0
20210201,020613.000,28.566,-17.8234,23.5,1.4,0,0,0,0, es2021cevbz,0,9.0,0
20210201,015605.000,28.5739,-17.8245,19.6,1.7,0,0,0,0, es2021ceuth,0,9.0,0
20210201,015548.000,28.5394,-17.8321,24.7,1.7,0,0,0,0, es2021ceutb,0,9.0,0
20210201,005632.000,28.5736,-17.8104,21.9,1.9,0,0,0,0, es2021cesue,0,9.0,0
20210131,214007.000,28.5514,-17.8549,21.6,1.5,0,0,0,0, es2021cemhr,0,9.0,0
20210131,205203.000,28.5183,-17.869,22.3,1.4,0,0,0,0, es2021ceksl,0,9.0,0
20210131,205152.000,28.5574,-17.8634,27.0,1.7,0,0,0,0, es2021ceksh,0,9.0,0
20210131,202018.000,28.5397,-17.8645,23.1,1.9,0,0,0,0, es2021cejrf,0,9.0,0
20210131,200831.000,28.5722,-17.9075,25.3,1.5,0,0,0,0, es2021cejhc,0,9.0,0
20210131,200611.000,28.561,-17.8406,23.2,1.7,0,0,0,0, es2021cejfc,0,9.0,0
20210131,200209.000,28.5536,-17.8179,25.4,1.8,0,0,0,0, es2021cejbq,0,9.0,0
20210131,195717.000,28.563,-17.8454,23.2,1.5,0,0,0,0, es2021ceixl,0,9.0,0
20210131,195658.000,28.58,-17.8392,25.1,1.7,0,0,0,0, es2021ceixe,0,9.0,0
20210131,195458.000,28.5656,-17.892,23.0,1.8,0,0,0,0, es2021ceivm,0,9.0,0
20210131,194610.000,28.543,-17.85,22.5,1.8,0,0,0,0, es2021ceiny,0,9.0,0
20210131,194511.000,28.557,-17.8415,24.8,2.1,0,0,0,0, es2021ceinc,0,9.0,0
20210131,191223.000,28.5498,-17.8966,23.6,2.0,0,0,0,0, es2021cehky,0,9.0,0
20210131,185107.000,28.5659,-17.9004,23.1,1.6,0,0,0,0, es2021cegss,0,9.0,0
20210131,175940.000,28.5343,-17.8987,19.2,1.8,0,0,0,0, es2021cefao,0,9.0,0
20210131,174959.000,28.5861,-17.7877,12.8,1.6,0,0,0,0, es2021ceesg,0,9.0,0
20210131,173613.000,28.5669,-17.9087,24.1,1.9,0,0,0,0, es2021ceegl,0,9.0,0
20210131,172857.000,28.5134,-17.8067,19.7,2.0,0,0,0,0, es2021ceeaf,0,9.0,0
20210131,171217.000,28.5687,-17.8208,22.1,2.0,0,0,0,0, es2021cedlx,0,9.0,0
20210131,171009.000,28.5563,-17.8572,22.3,2.0,0,0,0,0, es2021cedkc,0,9.0,0
20210131,162708.000,28.5417,-17.8961,20.2,1.9,0,0,0,0, es2021cebze,0,9.0,0
20210131,162518.000,28.5445,-17.8622,22.5,2.4,0,0,0,0, es2021cebxq,0,9.0,0
20210131,162307.000,28.5562,-17.8385,24.2,1.6,0,0,0,0, es2021cebvt,0,9.0,0
20210131,161436.000,28.5651,-17.867,22.3,1.9,0,0,0,0, es2021cebol,0,9.0,0
20210131,161147.000,28.5673,-17.82,24.0,1.4,0,0,0,0, es2021cebma,0,9.0,0
20210131,155932.000,28.5486,-17.8225,25.0,1.4,0,0,0,0, es2021cebbn,0,9.0,0
20210131,154550.000,28.5637,-17.8677,22.5,2.2,0,0,0,0, es2021ceapt,0,9.0,0
20210131,153647.000,28.5109,-17.899,24.8,1.7,0,0,0,0, es2021ceahz,0,9.0,0
20210131,152909.000,28.5289,-17.8447,23.2,1.6,0,0,0,0, es2021ceabl,0,9.0,0
20210131,152419.000,28.6955,-17.8176,7.9,1.2,0,0,0,0, es2021cdzxh,0,9.0,0
20210131,151754.000,28.5066,-17.9411,20.7,1.4,0,0,0,0, es2021cdzru,0,9.0,0
20210131,151544.000,28.4955,-17.8526,22.0,1.3,0,0,0,0, es2021cdzpy,0,9.0,0
20210131,151124.000,28.5094,-17.8383,23.3,1.4,0,0,0,0, es2021cdzmf,0,9.0,0
20210131,151000.000,28.5788,-17.8804,24.5,1.6,0,0,0,0, es2021cdzla,0,9.0,0
20210131,145904.000,28.5461,-17.8274,25.4,1.6,0,0,0,0, es2021cdzbq,0,9.0,0
20210131,141037.000,28.5563,-17.8453,21.2,1.5,0,0,0,0, es2021cdxmb,0,9.0,0
20210131,140051.000,28.569,-17.8227,21.7,2.4,0,0,0,0, es2021cdxds,0,9.0,0
20210131,135917.000,28.5595,-17.8501,22.8,1.9,0,0,0,0, es2021cdxci,0,9.0,0
20210131,135514.000,28.5664,-17.8965,24.0,2.0,0,0,0,0, es2021cdwyw,0,9.0,0
20210131,135402.000,28.5401,-17.8709,23.7,1.9,0,0,0,0, es2021cdwxw,0,9.0,0
20210131,133236.000,28.542,-17.8156,25.4,1.9,0,0,0,0, es2021cdwfk,0,9.0,0
20210131,132123.000,28.5621,-17.827,24.0,2.0,0,0,0,0, es2021cdvvv,0,9.0,0
20210131,132059.000,28.5353,-17.8138,23.9,1.8,0,0,0,0, es2021cdvvm,0,9.0,0
20210131,130815.000,28.5081,-17.8426,21.1,1.7,0,0,0,0, es2021cdvkq,0,9.0,0
20210131,130422.000,28.6055,-17.8866,24.3,1.6,0,0,0,0, es2021cdvhg,0,9.0,0
20210131,125649.000,28.5462,-17.8541,21.8,1.6,0,0,0,0, es2021cdvat,0,9.0,0
20210131,125251.000,28.5586,-17.8559,23.5,2.0,0,0,0,0, es2021cduxk,0,9.0,0
20210131,125219.000,28.5813,-17.797,23.0,2.0,0,0,0,0, es2021cduwx,0,9.0,0
20210131,123338.000,28.5805,-17.9058,19.8,1.9,0,0,0,0, es2021cdugw,0,9.0,0
20210131,123226.000,28.5908,-17.808,24.1,1.4,0,0,0,0, es2021cdufv,0,9.0,0
20210131,123006.000,28.5582,-17.8469,24.1,1.5,0,0,0,0, es2021cdudv,0,9.0,0
20210131,101227.000,28.5545,-17.8604,22.9,1.7,0,0,0,0, es2021cdppt,0,9.0,0
20210131,100334.000,28.5598,-17.8304,24.4,1.9,0,0,0,0, es2021cdpid,0,9.0,0
20210131,092742.000,28.5599,-17.8694,18.9,1.6,0,0,0,0, es2021cdodj,0,9.0,0
20210131,092652.000,28.5615,-17.867,23.2,2.3,0,0,0,0, es2021cdocq,0,9.0,0
20210131,090308.000,28.5703,-17.8181,25.0,1.7,0,0,0,0, es2021cdnii,0,9.0,0
20210131,085454.000,28.5534,-17.8486,21.4,1.9,0,0,0,0, es2021cdnbf,0,9.0,0
20210131,083254.000,28.5626,-17.8268,25.8,1.9,0,0,0,0, es2021cdmij,0,9.0,0
20210131,083217.000,28.5446,-17.8483,26.3,2.0,0,0,0,0, es2021cdmhv,0,9.0,0
20210131,062519.000,28.5196,-17.8571,24.8,1.6,0,0,0,0, es2021cdicx,0,9.0,0
20210131,052810.000,28.4775,-17.8622,18.2,1.4,0,0,0,0, es2021cdgfw,0,9.0,0
20210131,051737.000,28.5787,-17.889,29.7,1.6,0,0,0,0, es2021cdfwv,0,9.0,0
20210131,050918.000,28.5461,-17.9643,18.3,1.7,0,0,0,0, es2021cdfpr,0,9.0,0
20210131,050708.000,28.4688,-17.9099,33.6,1.5,0,0,0,0, es2021cdfnv,0,9.0,0
20210131,050450.000,28.5411,-17.9019,17.5,1.2,0,0,0,0, es2021cdflw,0,9.0,0
20210131,050114.000,28.5379,-17.8228,25.0,1.6,0,0,0,0, es2021cdfit,0,9.0,0
20210131,050002.000,28.6266,-17.7969,26.1,1.5,0,0,0,0, es2021cdfht,0,9.0,0
20210131,044039.000,28.5536,-17.8535,25.6,1.7,0,0,0,0, es2021cderc,0,9.0,0
20210131,043927.000,28.5621,-17.8194,24.1,1.6,0,0,0,0, es2021cdeqb,0,9.0,0
20210131,043533.000,28.5085,-17.8891,27.6,1.8,0,0,0,0, es2021cdemt,0,9.0,0
20210108,234304.000,28.6049,-17.7756,30.2,1.9,0,0,0,0, es2021aopog,0,0.0,0
20210108,223026.000,28.5717,-17.841,28.7,2.1,0,0,0,0, es2021aondy,0,0.0,0
20201230,062625.000,28.5592,-17.8686,3.7,1.0,0,0,0,0, es2020zprox,0,8.0,0
20201226,073847.000,28.6089,-17.827,25.7,1.4,0,0,0,0, es2020zilxq,0,8.0,0
20201226,073558.000,28.5689,-17.8386,24.7,1.8,0,0,0,0, es2020zilvf,0,8.0,0
20201226,073134.000,28.5529,-17.8679,24.5,2.0,0,0,0,0, es2020zilpy,0,8.0,0
20201226,064748.000,28.5523,-17.9265,25.4,1.6,0,0,0,0, es2020zikfx,0,8.0,0
20201226,064024.000,28.5505,-17.8984,27.4,1.7,0,0,0,0, es2020zijzo,0,8.0,0
20201226,063756.000,28.5779,-17.8947,28.6,1.6,0,0,0,0, es2020zijxk,0,8.0,0
20201226,060332.000,28.5758,-17.8618,24.5,1.6,0,0,0,0, es2020ziitw,0,8.0,0
20201226,023555.000,28.5532,-17.847,24.2,1.7,0,0,0,0, es2020zibxv,0,8.0,0
20201226,000340.000,28.5528,-17.8502,23.8,1.7,0,0,0,0, es2020zhwxf,0,8.0,0
20201225,235838.000,28.5605,-17.8154,25.3,1.7,0,0,0,0, es2020zhwsw,0,8.0,0
20201225,235406.000,28.5719,-17.8633,27.0,1.6,0,0,0,0, es2020zhwoz,0,8.0,0
20201225,235257.000,28.5456,-17.8919,26.7,1.7,0,0,0,0, es2020zhwoa,0,8.0,0
20201225,234852.000,28.542,-17.9071,25.9,1.9,0,0,0,0, es2020zhwkm,0,8.0,0
20201225,234009.000,28.5743,-17.8301,27.7,1.9,0,0,0,0, es2020zhwda,0,8.0,0
20201225,232714.000,28.5814,-17.8353,26.4,1.9,0,0,0,0, es2020zhvry,0,8.0,0
20201225,232410.000,28.5691,-17.81,23.1,1.6,0,0,0,0, es2020zhvpi,0,8.0,0
20201225,232218.000,28.5208,-17.9213,18.4,1.6,0,0,0,0, es2020zhvns,0,8.0,0
20201225,232043.000,28.5792,-17.8278,32.0,1.6,0,0,0,0, es2020zhvmj,0,8.0,0
20201225,231941.000,28.5332,-17.8537,22.0,1.4,0,0,0,0, es2020zhvlm,0,8.0,0
20201225,231557.000,28.5422,-17.9222,23.5,1.7,0,0,0,0, es2020zhvih,0,8.0,0
20201225,231329.000,28.5631,-17.9334,25.4,1.6,0,0,0,0, es2020zhvgd,0,8.0,0
20201225,230718.000,28.5571,-17.869,25.0,1.5,0,0,0,0, es2020zhvaw,0,8.0,0
20201225,225841.000,28.5665,-17.8456,25.3,1.8,0,0,0,0, es2020zhutl,0,8.0,0
20201225,224854.000,28.5587,-17.893,25.2,1.4,0,0,0,0, es2020zhulb,0,8.0,0
20201225,224156.000,28.5559,-17.87,26.5,1.7,0,0,0,0, es2020zhufb,0,8.0,0
20201225,224029.000,28.5561,-17.8492,27.6,1.8,0,0,0,0, es2020zhudw,0,8.0,0
20201225,224029.000,28.5415,-17.8432,27.6,1.9,0,0,0,0, es2020zhudv,0,8.0,0
20201225,223142.000,28.5654,-17.8206,28.3,1.9,0,0,0,0, es2020zhtwh,0,8.0,0
20201225,215427.000,28.573,-17.8381,27.2,1.6,0,0,0,0, es2020zhsqj,0,8.0,0
20201225,165451.000,28.6978,-17.7832,17.9,1.8,0,0,0,0, es2020zhiti,0,8.0,0
20201225,091018.000,28.5003,-17.8684,25.0,1.6,0,0,0,0, es2020zgtkv,0,8.0,0
20201224,212917.000,28.5674,-17.8356,29.1,2.1,0,0,0,0, es2020zfwhk,0,8.0,0
20201224,212245.000,28.5138,-17.9249,25.3,1.9,0,0,0,0, es2020zfwbv,0,8.0,0
20201224,212206.000,28.5441,-17.9295,26.4,1.5,0,0,0,0, es2020zfwbg,0,8.0,0
20201224,211002.000,28.5865,-17.8245,28.0,2.0,0,0,0,0, es2020zfvqx,0,8.0,0
20201224,210844.000,28.548,-17.8914,28.8,1.8,0,0,0,0, es2020zfvpu,0,8.0,0
20201224,210821.000,28.5675,-17.8654,30.3,2.1,0,0,0,0, es2020zfvpm,0,8.0,0
20201224,210802.000,28.5616,-17.8723,28.7,2.3,0,0,0,0, es2020zfvpe,0,8.0,0
20201224,210734.000,28.5233,-17.9312,23.6,1.7,0,0,0,0, es2020zfvou,0,8.0,0
20201224,210722.000,28.5384,-17.9107,25.0,1.7,0,0,0,0, es2020zfvoq,0,8.0,0
20201224,210619.000,28.5328,-17.9177,25.1,1.7,0,0,0,0, es2020zfvns,0,8.0,0
20201224,210517.000,28.5757,-17.8855,29.9,2.1,0,0,0,0, es2020zfvmv,0,8.0,0
20201224,210426.000,28.5275,-17.8938,28.0,2.0,0,0,0,0, es2020zfvmc,0,8.0,0
20201224,210201.000,28.5707,-17.8751,29.6,2.2,0,0,0,0, es2020zfvka,0,8.0,0
20201224,210106.000,28.5151,-17.85,28.7,1.5,0,0,0,0, es2020zfvjg,0,8.0,0
20201224,152606.000,28.5514,-17.8492,29.7,2.2,0,0,0,0, es2020zfkhw,0,8.0,0
20201224,111225.000,28.5678,-17.8259,29.8,2.1,0,0,0,0, es2020zfbyf,0,8.0,0
20201224,092918.000,28.5258,-17.8943,30.1,2.0,0,0,0,0, es2020zeynt,0,8.0,0
20201224,070159.000,28.5616,-17.9017,26.9,2.1,0,0,0,0, es2020zetrj,0,8.0,0
20201224,063323.000,28.5705,-17.8747,31.2,1.8,0,0,0,0, es2020zessv,0,8.0,0
20201224,061113.000,28.5269,-17.8689,31.4,1.9,0,0,0,0, es2020zerzv,0,8.0,0
20201224,051546.000,28.5433,-17.8733,29.2,2.2,0,0,0,0, es2020zeqeg,0,8.0,0
20201224,045928.000,28.5504,-17.919,29.2,1.4,0,0,0,0, es2020zepqh,0,8.0,0
20201224,045635.000,28.5517,-17.8508,31.6,1.5,0,0,0,0, es2020zepnu,0,8.0,0
20201224,025449.000,28.5696,-17.9321,23.4,1.1,0,0,0,0, es2020zelnj,0,8.0,0
20201224,023207.000,28.5321,-17.8909,27.0,1.5,0,0,0,0, es2020zektw,0,8.0,0
20201224,022946.000,28.5435,-17.9151,29.3,1.9,0,0,0,0, es2020zekrw,0,8.0,0
20201224,022353.000,28.5549,-17.8898,29.0,2.0,0,0,0,0, es2020zekmu,0,8.0,0
20201224,021617.000,28.5635,-17.9411,28.5,1.2,0,0,0,0, es2020zekgg,0,8.0,0
20201224,020458.000,28.5623,-17.8842,28.1,1.9,0,0,0,0, es2020zejwo,0,8.0,0
20201224,020216.000,28.5665,-17.8617,31.5,2.0,0,0,0,0, es2020zejug,0,8.0,0
20201224,015708.000,28.5741,-17.8582,30.6,1.8,0,0,0,0, es2020zejpw,0,8.0,0
20201224,015638.000,28.5565,-17.8706,29.2,1.6,0,0,0,0, es2020zejpk,0,8.0,0
20201224,015307.000,28.613,-17.8699,31.3,1.7,0,0,0,0, es2020zejmk,0,8.0,0
20201224,015233.000,28.6014,-17.8395,31.6,1.9,0,0,0,0, es2020zejlx,0,8.0,0
20201224,015016.000,28.5737,-17.8108,29.2,2.2,0,0,0,0, es2020zejjy,0,8.0,0
20201224,015000.000,28.561,-17.8736,31.5,2.2,0,0,0,0, es2020zejjt,0,8.0,0
20201224,014743.000,28.5573,-17.8805,28.4,1.9,0,0,0,0, es2020zejhu,0,8.0,0
20201224,014022.000,28.5334,-17.9073,25.0,1.7,0,0,0,0, es2020zejbl,0,8.0,0
20201224,014006.000,28.5865,-17.8124,32.0,1.7,0,0,0,0, es2020zejbg,0,8.0,0
20201224,013808.000,28.5614,-17.8778,29.4,1.9,0,0,0,0, es2020zeizo,0,8.0,0
20201224,013714.000,28.5758,-17.8334,28.9,1.6,0,0,0,0, es2020zeiyu,0,8.0,0
20201224,013642.000,28.5628,-17.9308,26.8,1.5,0,0,0,0, es2020zeiyi,0,8.0,0
20201224,013415.000,28.5824,-17.8526,30.3,1.9,0,0,0,0, es2020zeiwf,0,8.0,0
20201224,013356.000,28.5499,-17.8216,32.9,1.9,0,0,0,0, es2020zeivy,0,8.0,0
20201224,013327.000,28.5565,-17.8763,31.9,2.0,0,0,0,0, es2020zeivn,0,8.0,0
20201224,013254.000,28.5585,-17.8526,30.4,2.0,0,0,0,0, es2020zeivb,0,8.0,0
20201224,013232.000,28.5542,-17.8913,30.6,1.8,0,0,0,0, es2020zeiut,0,8.0,0
20201224,013152.000,28.5507,-17.918,26.2,1.5,0,0,0,0, es2020zeiue,0,8.0,0
20201224,013108.000,28.6269,-17.8483,29.9,1.8,0,0,0,0, es2020zeito,0,8.0,0
20201224,013013.000,28.5502,-17.8404,30.5,2.2,0,0,0,0, es2020zeist,0,8.0,0
20201224,012924.000,28.5643,-17.8503,30.5,2.0,0,0,0,0, es2020zeisb,0,8.0,0
20201224,012902.000,28.5449,-17.8425,31.1,2.0,0,0,0,0, es2020zeirt,0,8.0,0
20201224,012732.000,28.6317,-17.8525,25.2,1.7,0,0,0,0, es2020zeiql,0,8.0,0
20201224,012656.000,28.5833,-17.8331,29.4,1.7,0,0,0,0, es2020zeipy,0,8.0,0
20201224,012438.000,28.5347,-17.8579,27.6,1.7,0,0,0,0, es2020zeinz,0,8.0,0
20201224,012222.000,28.5385,-17.8871,27.2,1.7,0,0,0,0, es2020zeima,0,8.0,0
20201224,012137.000,28.5334,-17.8709,25.1,1.8,0,0,0,0, es2020zeilj,0,8.0,0
20201224,005441.000,28.5813,-17.8524,27.9,1.6,0,0,0,0, es2020zehoh,0,8.0,0
20201224,005123.000,28.5582,-17.8361,30.5,1.9,0,0,0,0, es2020zehll,0,8.0,0
20201224,005001.000,28.5558,-17.8587,29.0,1.9,0,0,0,0, es2020zehkg,0,8.0,0
20201224,004854.000,28.5639,-17.8509,29.0,1.8,0,0,0,0, es2020zehji,0,8.0,0
20201224,004609.000,28.549,-17.8924,28.0,1.9,0,0,0,0, es2020zehha,0,8.0,0
20201224,004609.000,28.5623,-17.8682,29.2,1.9,0,0,0,0, es2020zehgy,0,8.0,0
20201224,004406.000,28.5432,-17.8792,27.8,1.7,0,0,0,0, es2020zehff,0,8.0,0
20201224,004354.000,28.5668,-17.8745,30.8,1.8,0,0,0,0, es2020zehfa,0,8.0,0
20201224,004254.000,28.5629,-17.8324,30.5,2.1,0,0,0,0, es2020zehee,0,8.0,0
20201224,003445.000,28.5747,-17.9017,29.2,1.3,0,0,0,0, es2020zegxe,0,8.0,0
20201224,003422.000,28.5609,-17.8728,28.8,1.7,0,0,0,0, es2020zegww,0,8.0,0
20201224,002908.000,28.5709,-17.8515,30.2,1.9,0,0,0,0, es2020zegsj,0,8.0,0
20201223,233810.000,28.5677,-17.8679,27.9,1.7,0,0,0,0, es2020zefaq,0,8.0,0
20201223,233654.000,28.5697,-17.8997,27.1,1.8,0,0,0,0, es2020zeezo,0,8.0,0
20201223,232826.000,28.5821,-17.7564,24.1,1.8,0,0,0,0, es2020zeesh,0,8.0,0
20201223,232809.000,28.5503,-17.8815,29.0,2.0,0,0,0,0, es2020zeesb,0,8.0,0
20201223,232213.000,28.5667,-17.8462,28.2,2.1,0,0,0,0, es2020zeemy,0,8.0,0
20201223,231014.000,28.56,-17.8439,28.9,2.0,0,0,0,0, es2020zeecr,0,8.0,0
20201223,230623.000,28.5628,-17.8706,26.7,1.4,0,0,0,0, es2020zedzj,0,8.0,0
20201223,230155.000,28.555,-17.8258,26.9,2.1,0,0,0,0, es2020zedvn,0,8.0,0
20201223,225419.000,28.6225,-17.8999,26.1,1.6,0,0,0,0, es2020zedpa,0,8.0,0
20201223,225034.000,28.5015,-17.8971,27.9,1.9,0,0,0,0, es2020zedlu,0,8.0,0
20201223,223958.000,28.5515,-17.8508,28.1,2.3,0,0,0,0, es2020zedcs,0,8.0,0
20201223,222932.000,28.5631,-17.8299,29.2,2.0,0,0,0,0, es2020zectt,0,8.0,0
20201223,222822.000,28.5444,-17.9105,22.7,1.3,0,0,0,0, es2020zecss,0,8.0,0
20201223,222251.000,28.5661,-17.8477,27.6,2.0,0,0,0,0, es2020zecoa,0,8.0,0
20201223,221311.000,28.5636,-17.8535,30.0,2.1,0,0,0,0, es2020zecfs,0,8.0,0
20201223,220837.000,28.61,-17.8488,32.1,1.9,0,0,0,0, es2020zecbv,0,8.0,0
20201223,220714.000,28.5597,-17.8534,30.0,2.0,0,0,0,0, es2020zecaq,0,8.0,0
20201223,220349.000,28.565,-17.837,28.9,2.2,0,0,0,0, es2020zebxs,0,8.0,0
20201223,220157.000,28.5603,-17.8691,28.7,2.0,0,0,0,0, es2020zebwc,0,8.0,0
20201223,215911.000,28.5733,-17.7486,26.9,1.6,0,0,0,0, es2020zebts,0,8.0,0
20201223,213919.000,28.5344,-17.8362,29.5,1.9,0,0,0,0, es2020zebcr,0,8.0,0
20201223,213531.000,28.539,-17.8909,26.9,1.7,0,0,0,0, es2020zeazk,0,8.0,0
20201223,213419.000,28.5514,-17.9162,28.3,1.6,0,0,0,0, es2020zeayk,0,8.0,0
20201223,213234.000,28.6,-17.7774,26.5,1.4,0,0,0,0, es2020zeaww,0,8.0,0
20201223,212834.000,28.5692,-17.9107,30.1,1.8,0,0,0,0, es2020zeatl,0,8.0,0
20201223,212736.000,28.6068,-17.8706,30.4,1.8,0,0,0,0, es2020zeasq,0,8.0,0
20201223,212603.000,28.5525,-17.8856,29.1,1.9,0,0,0,0, es2020zearh,0,8.0,0
20201223,180919.000,28.5645,-17.9336,31.1,1.4,0,0,0,0, es2020zduen,0,8.0,0
20201223,180555.000,28.5264,-17.8838,28.5,1.5,0,0,0,0, es2020zdubp,0,8.0,0
20201223,164952.000,28.6091,-17.8702,31.7,2.2,0,0,0,0, es2020zdroj,0,8.0,0
20201121,115252.000,28.5824,-17.7947,34.2,1.8,0,0,0,0, es2020wwvio,0,6.0,0
20201121,113828.000,28.5264,-17.8673,34.0,1.6,0,0,0,0, es2020wwuwe,0,6.0,0
20201121,113532.000,28.5425,-17.8291,35.2,1.9,0,0,0,0, es2020wwutr,0,6.0,0
20201121,102728.000,28.5167,-17.858,33.7,1.8,0,0,0,0, es2020wwsnh,0,6.0,0
20201121,102533.000,28.5721,-17.8971,33.3,1.6,0,0,0,0, es2020wwslq,0,6.0,0
20201121,094346.000,28.5704,-17.8712,36.4,1.7,0,0,0,0, es2020wwrbu,0,6.0,0
20201121,094325.000,28.695,-17.8663,34.9,1.7,0,0,0,0, es2020wwrbm,0,6.0,0
20201121,091707.000,28.5095,-17.8142,34.0,1.8,0,0,0,0, es2020wwqey,0,6.0,0
20201121,081819.000,28.5714,-17.8542,34.4,1.8,0,0,0,0, es2020wwogm,0,6.0,0
20201121,080753.000,28.5808,-17.8376,33.2,1.9,0,0,0,0, es2020wwnxo,0,6.0,0
20201121,075908.000,28.5701,-17.8309,32.6,2.0,0,0,0,0, es2020wwnqa,0,6.0,0
20201121,074221.000,28.5785,-17.8151,34.6,2.0,0,0,0,0, es2020wwnbq,0,6.0,0
20201121,060638.000,28.5687,-17.8683,33.7,1.6,0,0,0,0, es2020wwjxn,0,6.0,0
20201121,055513.000,28.5427,-17.8691,34.4,1.6,0,0,0,0, es2020wwjnt,0,6.0,0
20201018,221654.000,28.5856,-17.8411,1.7,0.8,0,0,0,0, es2020unmme,0,5.0,0
20201018,152447.000,28.5786,-17.8441,2.8,1.2,0,0,0,0, es2020umywp,0,5.0,0
20201018,025502.000,28.583,-17.8417,2.8,0.5,0,0,0,0, es2020umadl,0,5.0,0
20201018,025115.000,28.5766,-17.8405,2.1,0.6,0,0,0,0, es2020umaaf,0,5.0,0
20201018,025050.000,28.5794,-17.8384,2.5,0.2,0,0,0,0, es2020ulzzv,0,5.0,0
20201018,024524.000,28.5482,-17.8405,5.8,1.1,0,0,0,0, es2020ulzvd,0,5.0,0
20201018,024212.000,28.5778,-17.8356,3.5,0.2,0,0,0,0, es2020ulzsl,0,5.0,0
20201018,024027.000,28.5758,-17.845,2.4,0.4,0,0,0,0, es2020ulzqy,0,5.0,0
20201018,023418.000,28.5629,-17.8364,5.1,0.8,0,0,0,0, es2020ulzlp,0,5.0,0
20201018,023102.000,28.5783,-17.8379,3.0,0.2,0,0,0,0, es2020ulziw,0,5.0,0
20201018,022635.000,28.5621,-17.8527,2.6,0.5,0,0,0,0, es2020ulzfa,0,5.0,0
20201018,022217.000,28.58,-17.8547,2.9,0.9,0,0,0,0, es2020ulzbj,0,5.0,0
20201017,162255.000,28.4825,-17.8456,30.0,1.3,0,0,0,0, es2020ulfhd,0,5.0,0
20201017,162236.000,28.4938,-17.8405,31.6,1.5,0,0,0,0, es2020ulfgx,0,5.0,0
20201017,162206.000,28.4984,-17.8244,27.9,1.4,0,0,0,0, es2020ulfgl,0,5.0,0
20201016,075227.000,28.5134,-17.8094,30.0,1.6,0,0,0,0, es2020uisxx,0,5.0,0
20201010,034216.000,28.5051,-17.9316,24.1,1.3,0,0,0,0, es2020txlpf,0,4.0,0
20201010,013812.000,28.5824,-17.7788,30.0,1.3,0,0,0,0, es2020txhmt,0,4.0,0
20201010,012652.000,28.4941,-17.9147,24.9,1.5,0,0,0,0, es2020txhdb,0,4.0,0
20201010,012627.000,28.5998,-17.9148,37.3,1.6,0,0,0,0, es2020txhcs,0,4.0,0
20201010,011500.000,28.5078,-17.8877,24.9,1.2,0,0,0,0, es2020txgsw,0,4.0,0
20201010,010709.000,28.501,-17.8979,23.0,1.6,0,0,0,0, es2020txgmd,0,4.0,0
20201010,005951.000,28.5819,-17.7979,35.2,1.5,0,0,0,0, es2020txgfw,0,4.0,0
20201010,004639.000,28.6021,-17.7536,32.1,1.4,0,0,0,0, es2020txfuo,0,4.0,0
20201010,004246.000,28.5448,-17.8548,23.8,1.1,0,0,0,0, es2020txfrf,0,4.0,0
20201010,003402.000,28.5966,-17.8192,24.1,1.0,0,0,0,0, es2020txfjs,0,4.0,0
20201010,003022.000,28.5681,-17.8791,31.2,1.6,0,0,0,0, es2020txfgp,0,4.0,0
20201010,002843.000,28.5877,-17.8724,30.4,1.4,0,0,0,0, es2020txffe,0,4.0,0
20201010,000409.000,28.5707,-17.929,32.5,1.5,0,0,0,0, es2020txekc,0,4.0,0
20201009,235452.000,28.6356,-17.8329,29.7,1.3,0,0,0,0, es2020txecd,0,4.0,0
20201009,211352.000,28.5597,-17.8746,33.3,1.7,0,0,0,0, es2020twyua,0,4.0,0
20201009,142729.000,28.5663,-17.7971,29.5,2.0,0,0,0,0, es2020twljj,0,4.0,0
20201009,104705.000,28.5548,-17.9038,29.0,1.7,0,0,0,0, es2020twech,0,4.0,0
20201009,080511.000,28.556,-17.8901,29.2,1.9,0,0,0,0, es2020tvytk,0,4.0,0
20201009,074316.000,28.5717,-17.9826,0.0,1.5,0,0,0,0, es2020tvyap,0,4.0,0
20201009,044526.000,28.5658,-17.8233,30.8,1.6,0,0,0,0, es2020tvseb,0,4.0,0
20201009,040536.000,28.5468,-17.8801,34.4,1.5,0,0,0,0, es2020tvqvw,0,4.0,0
20201009,035733.000,28.5796,-17.821,35.9,1.9,0,0,0,0, es2020tvqoz,0,4.0,0
20201009,035648.000,28.5918,-17.789,32.3,1.8,0,0,0,0, es2020tvqoi,0,4.0,0
20201009,035607.000,28.5733,-17.9268,31.1,1.3,0,0,0,0, es2020tvqnt,0,4.0,0
20201009,035036.000,28.5831,-17.7933,31.2,1.9,0,0,0,0, es2020tvqja,0,4.0,0
20201009,035013.000,28.6066,-17.7994,37.4,1.8,0,0,0,0, es2020tvqir,0,4.0,0
20201009,034818.000,28.5515,-17.7737,37.4,1.7,0,0,0,0, es2020tvqha,0,4.0,0
20201009,034527.000,28.6131,-17.8795,36.7,1.8,0,0,0,0, es2020tvqep,0,4.0,0
20201009,034512.000,28.5717,-17.8317,33.7,1.9,0,0,0,0, es2020tvqej,0,4.0,0
20201009,034406.000,28.6538,-17.7437,35.8,1.8,0,0,0,0, es2020tvqdl,0,4.0,0
20201009,034218.000,28.6413,-17.9055,20.1,1.7,0,0,0,0, es2020tvqbv,0,4.0,0
20201009,033914.000,28.5671,-17.882,32.6,2.0,0,0,0,0, es2020tvpzg,0,4.0,0
20201009,033751.000,28.5719,-17.7802,36.8,2.0,0,0,0,0, es2020tvpyb,0,4.0,0
20201009,033722.000,28.5793,-17.7894,29.8,1.9,0,0,0,0, es2020tvpxq,0,4.0,0
20201009,033640.000,28.5724,-17.7545,29.0,1.8,0,0,0,0, es2020tvpxb,0,4.0,0
20201009,033353.000,28.5691,-17.8523,32.2,1.8,0,0,0,0, es2020tvptx,0,4.0,0
20201009,033259.000,28.5899,-17.7845,35.0,1.6,0,0,0,0, es2020tvpty,0,4.0,0
20201009,031006.000,28.586,-17.8582,38.4,1.7,0,0,0,0, es2020tvpag,0,4.0,0
20201009,030824.000,28.6115,-17.9265,32.5,1.1,0,0,0,0, es2020tvoyu,0,4.0,0
20201009,030446.000,28.5684,-17.8175,33.5,1.4,0,0,0,0, es2020tvovr,0,4.0,0
20201009,024922.000,28.5712,-17.8203,31.9,1.2,0,0,0,0, es2020tvoil,0,4.0,0
20201009,024645.000,28.6154,-17.851,31.0,1.3,0,0,0,0, es2020tvogf,0,4.0,0
20201009,024547.000,28.5391,-17.9196,35.8,1.3,0,0,0,0, es2020tvofj,0,4.0,0
20201009,024525.000,28.5843,-17.8292,33.8,1.3,0,0,0,0, es2020tvofc,0,4.0,0
20201009,024340.000,28.5406,-17.9154,34.6,1.6,0,0,0,0, es2020tvodp,0,4.0,0
20201009,024100.000,28.6101,-17.9529,36.0,1.4,0,0,0,0, es2020tvobh,0,4.0,0
20201009,023610.000,28.595,-17.8152,37.9,1.6,0,0,0,0, es2020tvnxd,0,4.0,0
20201009,022440.000,28.5555,-17.7843,24.8,1.2,0,0,0,0, es2020tvnnh,0,4.0,0
20201009,013825.000,28.5545,-17.7988,33.7,1.5,0,0,0,0, es2020tvlzp,0,4.0,0
20201009,013754.000,28.5817,-17.8861,33.6,1.2,0,0,0,0, es2020tvlze,0,4.0,0
20201009,001834.000,28.5644,-17.9412,33.4,1.4,0,0,0,0, es2020tvjjc,0,4.0,0
20201008,224557.000,28.551,-17.8291,30.0,1.5,0,0,0,0, es2020tvghr,0,4.0,0
20201008,215122.000,28.5995,-17.8455,32.0,1.1,0,0,0,0, es2020tvemv,0,4.0,0
20200922,030516.000,28.6223,-17.8933,0.0,0.6,0,0,0,0, es2020sqndg,0,0.0,0
20200917,010037.000,28.5921,-17.7664,0.0,0.8,0,0,0,0, es2020shflp,0,0.0,0
20200809,032612.000,28.4938,-17.7989,16.3,1.5,0,0,0,0, es2020podgb,0,0.0,0
20200802,192049.000,28.5432,-17.8148,25.0,2.0,0,0,0,0, es2020pcodp,0,3.0,0
20200802,141252.000,28.566,-17.8454,29.0,1.5,0,0,0,0, es2020pcdzk,0,3.0,0
20200802,140516.000,28.5481,-17.8198,27.7,1.7,0,0,0,0, es2020pcdsx,0,3.0,0
20200802,135012.000,28.5392,-17.8467,28.7,1.4,0,0,0,0, es2020pcdfy,0,3.0,0
20200802,134042.000,28.5473,-17.8128,24.5,1.5,0,0,0,0, es2020pccxv,0,3.0,0
20200802,121814.000,28.5457,-17.8095,26.2,1.6,0,0,0,0, es2020pcafb,0,3.0,0
20200802,121645.000,28.5384,-17.7952,25.4,1.8,0,0,0,0, es2020pcadu,0,3.0,0
20200802,113313.000,28.5513,-17.7705,24.3,1.6,0,0,0,0, es2020pbysl,0,3.0,0
20200802,105244.000,28.5456,-17.8322,28.0,1.7,0,0,0,0, es2020pbxjs,0,3.0,0
20200802,101811.000,28.5811,-17.8007,30.9,1.7,0,0,0,0, es2020pbwgc,0,3.0,0
20200802,100759.000,28.5188,-17.857,25.5,1.7,0,0,0,0, es2020pbvxi,0,3.0,0
20200802,100240.000,28.5483,-17.8185,27.0,1.8,0,0,0,0, es2020pbvst,0,3.0,0
20200802,093309.000,28.5809,-17.7736,30.0,1.7,0,0,0,0, es2020pbutl,0,3.0,0
20200802,093006.000,28.5884,-17.772,27.2,1.8,0,0,0,0, es2020pbuqv,0,3.0,0
20200802,092827.000,28.5124,-17.8736,28.1,1.7,0,0,0,0, es2020pbupk,0,3.0,0
20200802,092415.000,28.5436,-17.917,24.9,1.6,0,0,0,0, es2020pbulu,0,3.0,0
20200802,072528.000,28.5304,-17.8415,26.9,1.5,0,0,0,0, es2020pbqnx,0,3.0,0
20200802,063514.000,28.5874,-17.8839,27.4,1.3,0,0,0,0, es2020pbowv,0,3.0,0
20200802,034559.000,28.5439,-17.9331,23.9,1.2,0,0,0,0, es2020pbjhq,0,3.0,0
20200802,025940.000,28.5328,-17.8361,26.1,1.8,0,0,0,0, es2020pbhtd,0,3.0,0
20200802,015900.000,28.6146,-17.7994,28.5,1.2,0,0,0,0, es2020pbftv,0,3.0,0
20200801,221830.000,28.558,-17.7813,27.3,1.7,0,0,0,0, es2020paymg,0,3.0,0
20200801,194320.000,28.547,-17.84,31.5,1.5,0,0,0,0, es2020patjo,0,3.0,0
20200801,175854.000,28.5451,-17.9471,24.9,1.4,0,0,0,0, es2020papxz,0,3.0,0
20200801,164811.000,28.59,-17.7759,28.0,1.9,0,0,0,0, es2020panph,0,3.0,0
20200801,105140.000,28.5556,-17.8794,27.6,1.6,0,0,0,0, es2020pabvl,0,3.0,0
20200801,074455.000,28.5918,-17.877,25.7,1.5,0,0,0,0, es2020ozvrg,0,3.0,0
20200801,051022.000,28.5753,-17.8705,26.6,1.8,0,0,0,0, es2020ozqor,0,3.0,0
20200801,010918.000,28.556,-17.938,30.5,1.3,0,0,0,0, es2020ozipw,0,3.0,0
20200801,004318.000,28.5566,-17.7986,24.4,1.3,0,0,0,0, es2020ozhto,0,3.0,0
20200731,235704.000,28.5922,-17.7988,30.1,1.3,0,0,0,0, es2020ozgfw,0,3.0,0
20200731,235350.000,28.585,-17.804,26.4,1.5,0,0,0,0, es2020ozgdc,0,3.0,0
20200731,235327.000,28.5578,-17.9111,25.9,1.4,0,0,0,0, es2020ozgcu,0,3.0,0
20200731,235117.000,28.5723,-17.9307,29.6,1.4,0,0,0,0, es2020ozgay,0,3.0,0
20200731,202550.000,28.597,-17.752,27.9,1.6,0,0,0,0, es2020oyzgr,0,3.0,0
20200731,200753.000,28.6105,-17.7241,27.6,1.6,0,0,0,0, es2020oyyrh,0,3.0,0
20200731,030144.000,28.5591,-17.8314,28.9,1.8,0,0,0,0, es2020oxquz,0,3.0,0
20200731,025409.000,28.5533,-17.8255,27.8,2.0,0,0,0,0, es2020oxqol,0,3.0,0
20200731,024424.000,28.5497,-17.8665,21.9,1.5,0,0,0,0, es2020oxqgc,0,3.0,0
20200731,011345.000,28.5471,-17.8801,25.6,1.8,0,0,0,0, es2020oxngi,0,3.0,0
20200731,004352.000,28.5608,-17.8375,29.8,1.8,0,0,0,0, es2020oxmgr,0,3.0,0
20200731,004220.000,28.5806,-17.8336,32.4,1.8,0,0,0,0, es2020oxmfj,0,3.0,0
20200731,004008.000,28.5496,-17.8524,25.8,1.7,0,0,0,0, es2020oxmdm,0,3.0,0
20200731,000935.000,28.6313,-17.8414,30.4,1.6,0,0,0,0, es2020oxldh,0,3.0,0
20200730,234513.000,28.5882,-17.7476,28.2,1.4,0,0,0,0, es2020oxkij,0,3.0,0
20200730,231845.000,28.5859,-17.7592,30.0,1.4,0,0,0,0, es2020oxjlr,0,3.0,0
20200730,222315.000,28.5838,-17.8386,29.0,1.7,0,0,0,0, es2020oxhqb,0,3.0,0
20200730,221408.000,28.5419,-17.8275,20.7,1.5,0,0,0,0, es2020oxhig,0,3.0,0
20200730,220401.000,28.5645,-17.979,25.9,1.6,0,0,0,0, es2020oxgzo,0,3.0,0
20200730,212353.000,28.6093,-17.8738,27.4,1.4,0,0,0,0, es2020oxfrd,0,3.0,0
20200730,210025.000,28.6471,-17.7425,23.8,1.7,0,0,0,0, es2020oxewz,0,3.0,0
20200730,205209.000,28.5468,-17.9198,23.3,1.3,0,0,0,0, es2020oxepx,0,3.0,0
20200730,194552.000,28.5246,-17.9383,22.8,1.3,0,0,0,0, es2020oxclb,0,3.0,0
20200730,173128.000,28.5154,-17.8433,20.2,1.2,0,0,0,0, es2020owxzt,0,3.0,0
20200730,151904.000,28.5781,-17.8499,27.5,1.8,0,0,0,0, es2020owtqe,0,3.0,0
20200730,112621.000,28.5453,-17.8267,28.6,2.1,0,0,0,0, es2020owlyn,0,3.0,0
20200730,112403.000,28.5542,-17.8786,25.1,1.8,0,0,0,0, es2020owlwo,0,3.0,0
20200730,104822.000,28.5436,-17.827,28.6,1.9,0,0,0,0, es2020owkry,0,3.0,0
20200730,100106.000,28.5381,-17.8276,25.4,2.3,0,0,0,0, es2020owjdl,0,3.0,0
20200730,085441.000,28.6023,-17.7641,31.2,1.7,0,0,0,0, es2020owgyk,0,3.0,0
20200730,081334.000,28.5528,-17.8098,27.3,2.2,0,0,0,0, es2020owfpd,0,3.0,0
20200730,070045.000,28.504,-17.9175,26.6,1.9,0,0,0,0, es2020owder,0,3.0,0
20200730,054038.000,28.5879,-17.7679,28.9,1.8,0,0,0,0, es2020owany,0,3.0,0
20200730,052227.000,28.5993,-17.7959,26.3,1.7,0,0,0,0, es2020ovzyi,0,3.0,0
20200730,045021.000,28.5614,-17.9417,32.4,1.9,0,0,0,0, es2020ovywu,0,3.0,0
20200730,041300.000,28.6306,-17.8253,24.5,1.4,0,0,0,0, es2020ovxqt,0,3.0,0
20200730,040858.000,28.5374,-17.8045,16.2,1.4,0,0,0,0, es2020ovxnh,0,3.0,0
20200730,035004.000,28.5672,-17.8609,26.1,1.5,0,0,0,0, es2020ovwxb,0,3.0,0
20200730,033555.000,28.5654,-17.8619,27.9,1.6,0,0,0,0, es2020ovwky,0,3.0,0
20200730,020605.000,28.6009,-17.9077,28.1,1.2,0,0,0,0, es2020ovtlw,0,3.0,0
20200729,224006.000,28.5781,-17.8166,26.9,1.6,0,0,0,0, es2020ovmre,0,3.0,0
20200729,164210.000,28.563,-17.797,28.5,2.0,0,0,0,0, es2020ovawd,0,3.0,0
20200729,051352.000,28.531,-17.8651,30.0,1.3,0,0,0,0, es2020ouedq,0,3.0,0
20200729,050004.000,28.6502,-17.8448,33.8,1.7,0,0,0,0, es2020oudru,0,3.0,0
20200729,040653.000,28.5347,-17.8373,20.6,1.0,0,0,0,0, es2020oubye,0,3.0,0
20200729,014101.000,28.4956,-17.8313,20.7,1.3,0,0,0,0, es2020otxda,0,3.0,0
20200729,013815.000,28.5758,-17.8115,26.5,1.3,0,0,0,0, es2020otxaq,0,3.0,0
20200729,013110.000,28.5578,-17.8585,27.5,1.3,0,0,0,0, es2020otwuo,0,3.0,0
20200728,204139.000,28.6217,-17.7434,26.2,1.3,0,0,0,0, es2020otngf,0,3.0,0
20200728,153342.000,28.5446,-17.7928,27.3,1.6,0,0,0,0, es2020otdcb,0,3.0,0
20200728,073609.000,28.622,-17.7588,24.7,2.0,0,0,0,0, es2020osnik,0,3.0,0
20200728,065554.000,28.5627,-17.9116,29.5,2.0,0,0,0,0, es2020oslzu,0,3.0,0
20200728,065200.000,28.5772,-17.794,30.2,1.7,0,0,0,0, es2020oslwm,0,3.0,0
20200728,064458.000,28.5442,-17.8283,30.3,1.7,0,0,0,0, es2020oslql,0,3.0,0
20200728,064252.000,28.5842,-17.8331,29.2,2.1,0,0,0,0, es2020osloq,0,3.0,0
20200728,064216.000,28.5609,-17.8206,30.0,1.7,0,0,0,0, es2020osloe,0,3.0,0
20200728,063952.000,28.4569,-17.8646,35.1,1.6,0,0,0,0, es2020oslmb,0,3.0,0
20200728,055257.000,28.6067,-17.796,31.3,2.2,0,0,0,0, es2020osjxu,0,3.0,0
20200728,045928.000,28.5377,-17.8857,29.3,1.6,0,0,0,0, es2020osidy,0,3.0,0
20200727,231417.000,28.4651,-17.9208,26.5,1.4,0,0,0,0, es2020orwtu,0,3.0,0
20200727,231038.000,28.5338,-17.8487,26.1,1.5,0,0,0,0, es2020orwqr,0,3.0,0
20200727,224354.000,28.5723,-17.7864,31.5,1.9,0,0,0,0, es2020orvtt,0,3.0,0
20200727,223815.000,28.6089,-17.8173,33.8,1.7,0,0,0,0, es2020orvox,0,3.0,0
20200727,223556.000,28.6048,-17.8424,33.8,1.8,0,0,0,0, es2020orvmx,0,3.0,0
20200727,221315.000,28.5759,-17.7504,31.6,1.6,0,0,0,0, es2020orutl,0,3.0,0
20200727,221219.000,28.5498,-17.8073,32.2,1.7,0,0,0,0, es2020orusq,0,3.0,0
20200727,215741.000,28.5307,-17.8139,21.0,1.5,0,0,0,0, es2020orugc,0,3.0,0
20200727,213543.000,28.5767,-17.7487,30.0,1.9,0,0,0,0, es2020ortng,0,3.0,0
20200727,211141.000,28.5375,-17.7949,26.3,1.6,0,0,0,0, es2020orssq,0,3.0,0
20200727,211029.000,28.5372,-17.7886,31.8,1.6,0,0,0,0, es2020orsrp,0,3.0,0
20200727,195956.000,28.5312,-17.8637,30.0,2.0,0,0,0,0, es2020orqjb,0,3.0,0
20200727,195348.000,28.5876,-17.7634,30.1,1.8,0,0,0,0, es2020orqdv,0,3.0,0
20200727,195146.000,28.4708,-17.9012,29.2,1.5,0,0,0,0, es2020orqcb,0,3.0,0
20200727,194438.000,28.5809,-17.8867,30.7,1.6,0,0,0,0, es2020orpvy,0,3.0,0
20200727,194231.000,28.606,-17.7452,33.6,1.6,0,0,0,0, es2020orpud,0,3.0,0
20200727,193251.000,28.6258,-17.7524,34.7,1.7,0,0,0,0, es2020orplv,0,3.0,0
20200727,192115.000,28.5887,-17.7778,31.8,1.9,0,0,0,0, es2020orpbx,0,3.0,0
20200726,215217.000,28.583,-17.7955,31.9,1.9,0,0,0,0, es2020opyoc,0,3.0,0
20200726,213857.000,28.5728,-17.7862,31.5,1.4,0,0,0,0, es2020opycr,0,3.0,0
20200726,213755.000,28.5971,-17.788,34.9,1.7,0,0,0,0, es2020opybu,0,3.0,0
20200726,213724.000,28.6264,-17.7754,31.6,1.5,0,0,0,0, es2020opybi,0,3.0,0
20200726,080840.000,28.6119,-17.7675,24.7,1.9,0,0,0,0, es2020ooxjo,0,3.0,0
20200726,065013.000,28.5781,-17.8087,28.9,1.6,0,0,0,0, es2020oouug,0,3.0,0
20200726,051734.000,28.5443,-17.8989,29.0,1.5,0,0,0,0, es2020oorst,0,3.0,0
20200726,045744.000,28.6094,-17.9325,29.3,1.4,0,0,0,0, es2020oorbt,0,3.0,0
20200726,045634.000,28.6428,-17.8779,30.5,1.4,0,0,0,0, es2020oorat,0,3.0,0
20200726,045600.000,28.576,-17.922,30.7,1.5,0,0,0,0, es2020oorah,0,3.0,0
20200726,045435.000,28.5804,-17.8908,36.8,1.8,0,0,0,0, es2020ooqzb,0,3.0,0
20200725,193529.000,28.5721,-17.8781,30.0,1.6,0,0,0,0, es2020onynk,0,3.0,0
20200725,190158.000,28.5898,-17.7767,31.2,1.9,0,0,0,0, es2020onxkr,0,3.0,0
20200725,190139.000,28.5988,-17.7147,26.5,1.4,0,0,0,0, es2020onxkk,0,3.0,0
20200725,190025.000,28.5555,-17.7869,29.5,2.1,0,0,0,0, es2020onxji,0,3.0,0
20200725,185633.000,28.5373,-17.8114,25.7,2.1,0,0,0,0, es2020onxga,0,3.0,0
20200725,184945.000,28.5495,-17.8251,28.9,2.4,0,0,0,0, es2020onxae,0,3.0,0
20200725,184454.000,28.6162,-17.8428,30.6,1.6,0,0,0,0, es2020onwwa,0,3.0,0
20200725,184051.000,28.5632,-17.8157,29.0,2.4,0,0,0,0, es2020onwso,0,3.0,0
20200725,183720.000,28.5569,-17.8121,29.5,2.5,0,0,0,0, es2020onwpn,0,3.0,0
20200725,183012.000,28.5316,-17.8888,26.2,1.5,0,0,0,0, es2020onwjk,0,3.0,0
20200725,182930.000,28.5979,-17.8491,35.0,1.6,0,0,0,0, es2020onwiu,0,3.0,0
20200725,182651.000,28.5582,-17.8534,33.1,1.5,0,0,0,0, es2020onwgn,0,3.0,0
20200725,182540.000,28.5731,-17.7643,33.1,2.0,0,0,0,0, es2020onwfn,0,3.0,0
20200725,182353.000,28.5879,-17.8061,27.4,1.6,0,0,0,0, es2020onwdz,0,3.0,0
20200725,182331.000,28.4682,-17.8746,18.3,1.7,0,0,0,0, es2020onwdr,0,3.0,0
20200725,182220.000,28.5774,-17.7416,27.1,1.9,0,0,0,0, es2020onwcq,0,3.0,0
20200725,182007.000,28.522,-17.8153,33.4,2.3,0,0,0,0, es2020onwau,0,3.0,0
20200725,181820.000,28.5511,-17.7753,26.9,1.6,0,0,0,0, es2020onvzf,0,3.0,0
20200725,181808.000,28.587,-17.7287,25.5,1.4,0,0,0,0, es2020onvzb,0,3.0,0
20200725,181752.000,28.574,-17.7526,29.1,1.6,0,0,0,0, es2020onvyv,0,3.0,0
20200725,181605.000,28.5663,-17.8088,30.5,1.7,0,0,0,0, es2020onvxh,0,3.0,0
20200725,181449.000,28.5241,-17.8455,32.2,2.1,0,0,0,0, es2020onvwg,0,3.0,0
20200725,181245.000,28.525,-17.921,27.6,1.9,0,0,0,0, es2020onvuk,0,3.0,0
20200725,181101.000,28.6437,-17.847,29.9,1.6,0,0,0,0, es2020onvsy,0,3.0,0
20200725,180614.000,28.5764,-17.7781,33.5,1.9,0,0,0,0, es2020onvow,0,3.0,0
20200725,180436.000,28.5206,-17.8754,32.2,1.9,0,0,0,0, es2020onvnl,0,3.0,0
20200725,180159.000,28.6517,-17.7132,29.9,1.7,0,0,0,0, es2020onvlf,0,3.0,0
20200725,180128.000,28.5925,-17.9011,31.0,1.6,0,0,0,0, es2020onvkt,0,3.0,0
20200725,014114.000,28.58,-17.7498,24.5,1.7,0,0,0,0, es2020ompbv,0,3.0,0
20200725,011244.000,28.5819,-17.8471,28.5,1.7,0,0,0,0, es2020omodk,0,3.0,0
20200724,231729.000,28.5796,-17.8165,31.1,2.0,0,0,0,0, es2020omkin,0,3.0,0
20200724,230336.000,28.4688,-17.8685,25.9,1.8,0,0,0,0, es2020omjwp,0,3.0,0
20200724,201919.000,28.5731,-17.7959,33.7,2.0,0,0,0,0, es2020omelr,0,3.0,0
20200724,192453.000,28.5978,-17.7713,28.7,2.0,0,0,0,0, es2020omcqz,0,3.0,0
20200724,190629.000,28.5509,-17.8176,32.0,2.3,0,0,0,0, es2020omcbf,0,3.0,0
20200724,190528.000,28.5251,-17.8461,29.6,1.7,0,0,0,0, es2020omcai,0,3.0,0
20200724,190304.000,28.5907,-17.7911,34.2,1.6,0,0,0,0, es2020ombyg,0,3.0,0
20200724,190016.000,28.511,-17.8942,38.9,1.6,0,0,0,0, es2020ombvw,0,3.0,0
20200724,190007.000,28.6349,-17.8997,32.0,2.0,0,0,0,0, es2020ombvt,0,3.0,0
20200724,184815.000,28.5932,-17.8886,31.2,1.9,0,0,0,0, es2020omblo,0,3.0,0
20200724,160724.000,28.5012,-17.8294,24.8,1.6,0,0,0,0, es2020olwdo,0,3.0,0
20200724,155955.000,28.5875,-17.8208,30.2,2.1,0,0,0,0, es2020olvxc,0,3.0,0
20200714,184848.000,28.5521,-17.8153,3.8,2.0,0,0,0,0, es2020ntuio,0,0.0,0
20200712,044054.000,28.6755,-17.9588,0.0,1.2,0,0,0,0, es2020npbim,0,0.0,0
20200614,004826.000,28.5234,-17.8684,2.9,1.0,0,0,0,0, es2020lpphk,0,0.0,0
20200424,095929.000,28.652,-17.8568,10.2,0.7,0,0,0,0, es2020ibcho,0,0.0,0
20200309,035234.000,28.5357,-17.846,11.1,1.2,0,0,0,0, es2020euooy,0,0.0,0
20200201,021830.000,28.4982,-17.7495,3.1,1.3,0,0,0,0, es2020cevmm,0,0.0,0
20200127,045959.000,28.5913,-17.8613,26.5,1.4,0,0,0,0, es2020bvxgi,0,0.0,0
20200126,034646.000,28.6761,-17.7397,25.4,1.4,0,0,0,0, es2020btzid,0,0.0,0
20191128,212901.000,28.4655,-17.8386,12.0,1.3,0,0,0,0, es2019xinkw,0,0.0,0
20191119,020115.000,28.5017,-17.784,7.6,1.4,0,0,0,0, es2019wqpgz,0,0.0,0
20191119,004521.000,28.5023,-17.8029,9.3,1.3,0,0,0,0, es2019wqmtw,0,0.0,0
20190824,053430.000,28.5017,-17.9195,17.6,1.1,0,0,0,0, es2019qnwqy,0,0.0,0
20190808,060537.000,28.5408,-17.7983,5.0,0.6,0,0,0,0, es2019pkrmd,0,0.0,0
20190729,185055.000,28.4201,-17.8111,15.4,2.1,0,0,0,0, es2019otjpf,0,0.0,0
20190614,013559.000,28.5778,-17.8647,9.2,1.0,0,0,0,0, es2019hbiee,0,0.0,0
20190528,232932.000,28.5097,-17.7962,15.5,1.4,0,0,0,0, es2019gggcl,0,0.0,0
20190521,233541.000,28.5656,-17.8431,15.1,1.5,0,0,0,0, es2019gbilj,0,0.0,0
20190521,233432.000,28.5626,-17.8748,15.3,1.3,0,0,0,0, es2019gbilh,0,0.0,0
20190325,000345.000,28.525,-17.7523,3.4,1.1,0,0,0,0, es2019djgnm,0,0.0,0
20190222,031516.000,28.6103,-17.9731,1.9,0.9,0,0,0,0, es2019cebci,0,2.0,0
20190212,054900.000,28.582,-17.8052,16.5,0.8,0,0,0,0, es2019bndkg,0,2.0,0
20190212,054842.000,28.5519,-17.8245,15.0,0.7,0,0,0,0, es2019bndkf,0,2.0,0
20190212,054827.000,28.566,-17.819,14.5,0.8,0,0,0,0, es2019bndke,0,2.0,0
20190212,054811.000,28.5574,-17.8264,14.0,0.9,0,0,0,0, es2019bndkd,0,2.0,0
20190212,054757.000,28.5774,-17.8398,14.2,0.8,0,0,0,0, es2019bndkb,0,2.0,0
20190212,054747.000,28.57,-17.8254,14.4,1.1,0,0,0,0, es2019bndka,0,2.0,0
20190212,054740.000,28.5771,-17.8197,13.9,0.8,0,0,0,0, es2019bndkc,0,2.0,0
20190121,210526.000,28.6693,-17.7594,0.0,0.8,0,0,0,0, es2019aohcc,0,0.0,0
20190117,035635.000,28.6338,-17.9283,32.7,1.4,0,0,0,0, es2019alcpb,0,0.0,0
20190106,044640.000,28.6847,-17.8466,0.0,0.5,0,0,0,0, es2019adjio,0,0.0,0
20180920,014002.000,28.5319,-17.7563,10.6,1.6,0,0,0,0, es2018lffcp,0,0.0,0
20180920,013743.000,28.55,-17.7223,3.0,1.3,0,0,0,0, es2018lffck,0,0.0,0
20180908,025524.000,28.5587,-17.7777,17.9,1.4,0,0,0,0, es2018knaol,0,0.0,0
20180908,025503.000,28.5396,-17.8607,16.3,1.2,0,0,0,0, es2018knaom,0,0.0,0
20180802,201704.000,28.5674,-17.8304,14.4,1.4,0,0,0,0, es2018jdpfe,0,0.0,0
20180717,221319.000,28.4997,-17.855,4.4,1.8,0,0,0,0, es2018iipbj,0,0.0,0
20180702,033020.000,28.61,-17.9185,3.4,1.1,0,0,0,0, es2018hoagi,0,0.0,0
20180701,135314.000,28.6827,-17.85,4.9,1.7,0,0,0,0, es2018hnkca,0,0.0,0
20180630,022135.000,28.5537,-17.7772,8.6,1.3,0,0,0,0, es2018hmjln,0,0.0,0
20180501,010336.000,28.6685,-17.8712,0.0,0.7,0,0,0,0, es2018fdaok,0,0.0,0
20180430,225232.000,28.5663,-17.8608,15.7,1.2,0,0,0,0, es2018fcpok,0,0.0,0
20180422,014247.000,28.6165,-17.9393,18.1,1.6,0,0,0,0, es2018emnjh,0,0.0,0
20180403,214540.000,28.6009,-17.804,8.4,1.2,0,0,0,0, es2018eaeib,0,0.0,0
20180301,080831.000,28.6634,-17.9602,22.0,2.2,0,0,0,0, es2018cjaoh,0,0.0,0
20180215,073201.000,28.5723,-17.8698,29.6,2.0,0,0,0,0, es2018bpfkd,0,0.0,0
20180215,070419.000,28.5618,-17.8088,26.1,2.0,0,0,0,0, es2018bpfgm,0,0.0,0
20180215,065222.000,28.6218,-17.7554,23.3,1.9,0,0,0,0, es2018bpfff,0,0.0,0
20180215,063117.000,28.5906,-17.8577,25.5,2.0,0,0,0,0, es2018bpfcl,0,0.0,0
20180215,062015.000,28.5718,-17.8615,28.1,1.7,0,0,0,0, es2018bpfbg,0,0.0,0
20180215,060637.000,28.5712,-17.8132,27.0,1.9,0,0,0,0, es2018bpepl,0,0.0,0
20180215,050933.000,28.6244,-17.8266,22.4,1.5,0,0,0,0, es2018bpeik,0,0.0,0
20180215,050035.000,28.5607,-17.8543,25.4,1.9,0,0,0,0, es2018bpehj,0,0.0,0
20180215,041807.000,28.5596,-17.823,27.5,2.1,0,0,0,0, es2018bpecf,0,0.0,0
20180215,040158.000,28.6147,-17.7708,25.6,1.7,0,0,0,0, es2018bpeaf,0,0.0,0
20180214,072838.000,28.6097,-17.8357,24.2,2.3,0,0,0,0, es2018bokik,0,0.0,0
20180214,042937.000,28.5925,-17.8321,26.1,1.4,0,0,0,0, es2018bojck,0,0.0,0
20180214,032701.000,28.5559,-17.8669,25.7,1.8,0,0,0,0, es2018boikp,0,0.0,0
20180214,032536.000,28.5472,-17.8115,26.1,1.6,0,0,0,0, es2018boikm,0,0.0,0
20180214,032334.000,28.5674,-17.8104,25.9,1.9,0,0,0,0, es2018boiki,0,0.0,0
20180214,032041.000,28.5556,-17.8294,25.6,1.9,0,0,0,0, es2018boikc,0,0.0,0
20180214,031935.000,28.5651,-17.824,25.1,1.9,0,0,0,0, es2018boika,0,0.0,0
20180214,030441.000,28.5907,-17.8304,26.2,1.7,0,0,0,0, es2018boiid,0,0.0,0
20180214,030151.000,28.5846,-17.8473,31.5,2.2,0,0,0,0, es2018boihp,0,0.0,0
20180214,030149.000,28.552,-17.8216,25.3,2.2,0,0,0,0, es2018boiho,0,0.0,0
20180214,030143.000,28.5438,-17.8451,25.0,2.0,0,0,0,0, es2018boihn,0,0.0,0
20180214,025857.000,28.5223,-17.8516,31.9,2.3,0,0,0,0, es2018boihh,0,0.0,0
20180214,025737.000,28.5541,-17.8303,26.6,1.8,0,0,0,0, es2018boihf,0,0.0,0
20180214,025338.000,28.5376,-17.8657,24.2,2.1,0,0,0,0, es2018boign,0,0.0,0
20180214,025113.000,28.5336,-17.8669,26.1,2.1,0,0,0,0, es2018boigj,0,0.0,0
20180214,025102.000,28.5526,-17.831,26.2,1.8,0,0,0,0, es2018boigi,0,0.0,0
20180214,024941.000,28.534,-17.8622,25.3,2.0,0,0,0,0, es2018boigf,0,0.0,0
20180214,024507.000,28.5717,-17.8627,23.6,1.8,0,0,0,0, es2018boifm,0,0.0,0
20180214,024122.000,28.5495,-17.8284,23.7,1.9,0,0,0,0, es2018boiff,0,0.0,0
20180214,023952.000,28.5371,-17.8249,26.0,2.0,0,0,0,0, es2018boifc,0,0.0,0
20180214,023830.000,28.5897,-17.8096,28.0,1.8,0,0,0,0, es2018boiep,0,0.0,0
20180214,023722.000,28.5941,-17.8067,24.1,1.7,0,0,0,0, es2018boien,0,0.0,0
20180214,023711.000,28.5584,-17.8272,27.1,1.9,0,0,0,0, es2018boieo,0,0.0,0
20180214,023438.000,28.5558,-17.8474,26.5,1.9,0,0,0,0, es2018boiei,0,0.0,0
20180214,023350.000,28.5558,-17.7979,26.4,1.9,0,0,0,0, es2018boieg,0,0.0,0
20180214,023332.000,28.6188,-17.8758,22.1,1.9,0,0,0,0, es2018boief,0,0.0,0
20180214,023211.000,28.5456,-17.8612,26.5,2.1,0,0,0,0, es2018boied,0,0.0,0
20180214,023107.000,28.5542,-17.8032,24.6,1.9,0,0,0,0, es2018boieb,0,0.0,0
20180214,023045.000,28.5751,-17.8983,25.7,1.9,0,0,0,0, es2018boiea,0,0.0,0
20180214,022952.000,28.5809,-17.766,23.6,1.9,0,0,0,0, es2018boidn,0,0.0,0
20180214,022925.000,28.5556,-17.83,26.0,1.9,0,0,0,0, es2018boido,0,0.0,0
20180214,022840.000,28.5464,-17.8485,25.6,2.0,0,0,0,0, es2018boidm,0,0.0,0
20180214,022807.000,28.5827,-17.7903,23.4,1.9,0,0,0,0, es2018boidl,0,0.0,0
20180214,022646.000,28.5541,-17.8626,25.9,1.9,0,0,0,0, es2018boidi,0,0.0,0
20180214,022251.000,28.5526,-17.8653,27.2,1.9,0,0,0,0, es2018boida,0,0.0,0
20180214,021502.000,28.5455,-17.8084,22.3,1.9,0,0,0,0, es2018boicc,0,0.0,0
20180214,021444.000,28.5482,-17.8423,27.3,1.7,0,0,0,0, es2018boicb,0,0.0,0
20180214,020932.000,28.5552,-17.8464,25.5,1.9,0,0,0,0, es2018boibg,0,0.0,0
20180214,020748.000,28.5309,-17.9101,23.5,1.8,0,0,0,0, es2018boibd,0,0.0,0
20180214,020701.000,28.5849,-17.8765,25.5,1.7,0,0,0,0, es2018boibb,0,0.0,0
20180214,020641.000,28.5652,-17.846,25.7,1.7,0,0,0,0, es2018boibc,0,0.0,0
20180214,020559.000,28.5448,-17.9138,25.5,1.8,0,0,0,0, es2018boiap,0,0.0,0
20180214,020447.000,28.5605,-17.8235,25.7,2.0,0,0,0,0, es2018boial,0,0.0,0
20180214,020401.000,28.606,-17.8965,25.5,1.6,0,0,0,0, es2018boiam,0,0.0,0
20180214,020238.000,28.5652,-17.8372,25.8,2.3,0,0,0,0, es2018boiaj,0,0.0,0
20180214,020057.000,28.5766,-17.7844,23.4,1.9,0,0,0,0, es2018boiaf,0,0.0,0
20180214,015949.000,28.5797,-17.8513,23.5,1.9,0,0,0,0, es2018boiad,0,0.0,0
20180214,015916.000,28.5647,-17.8445,26.7,2.0,0,0,0,0, es2018boiac,0,0.0,0
20180214,015811.000,28.5743,-17.7542,25.2,2.1,0,0,0,0, es2018bohpp,0,0.0,0
20180214,015752.000,28.551,-17.8342,28.6,1.9,0,0,0,0, es2018boiaa,0,0.0,0
20180214,013438.000,28.6283,-17.8854,24.0,1.5,0,0,0,0, es2018bohnc,0,0.0,0
20180214,013218.000,28.5505,-17.7761,25.0,1.8,0,0,0,0, es2018bohmn,0,0.0,0
20180214,012848.000,28.5445,-17.8187,27.2,2.5,0,0,0,0, es2018bohmg,0,0.0,0
20180214,012738.000,28.5456,-17.8197,27.9,2.3,0,0,0,0, es2018bohme,0,0.0,0
20180214,012507.000,28.5546,-17.8735,24.7,1.9,0,0,0,0, es2018bohlp,0,0.0,0
20180214,012220.000,28.552,-17.8509,27.2,1.9,0,0,0,0, es2018bohlj,0,0.0,0
20180214,011828.000,28.5491,-17.8664,28.2,2.0,0,0,0,0, es2018bohlc,0,0.0,0
20180214,010821.000,28.567,-17.7793,25.1,1.8,0,0,0,0, es2018bohjo,0,0.0,0
20180213,145602.000,28.5321,-17.8393,27.7,1.9,0,0,0,0, es2018bocoj,0,0.0,0
20180213,052722.000,28.556,-17.8372,30.0,2.1,0,0,0,0, es2018bnoik,0,0.0,0
20180213,051849.000,28.5912,-17.8354,26.4,2.0,0,0,0,0, es2018bnohj,0,0.0,0
20180212,205613.000,28.5778,-17.7843,30.9,2.0,0,0,0,0, es2018bnkjm,0,0.0,0
20180212,203756.000,28.5797,-17.7745,33.1,1.8,0,0,0,0, es2018bnkhi,0,0.0,0
20180212,095407.000,28.5884,-17.7695,29.6,2.4,0,0,0,0, es2018bnfif,0,0.0,0
20180212,095002.000,28.5414,-17.8533,29.8,2.3,0,0,0,0, es2018bnfhn,0,0.0,0
20180212,092017.000,28.5868,-17.7868,28.5,2.3,0,0,0,0, es2018bnfec,0,0.0,0
20180212,091721.000,28.57,-17.792,28.5,2.4,0,0,0,0, es2018bnfdm,0,0.0,0
20180212,090839.000,28.5844,-17.785,26.9,1.8,0,0,0,0, es2018bnfcl,0,0.0,0
20180212,080123.000,28.5749,-17.7857,29.5,2.2,0,0,0,0, es2018bnekh,0,0.0,0
20180211,180128.000,28.5752,-17.7682,29.1,2.6,0,0,0,0, es2018bmodc,0,0.0,0
20180211,171223.000,28.563,-17.8044,30.1,2.4,0,0,0,0, es2018bmnnb,0,0.0,0
20180211,121854.000,28.5432,-17.8055,28.0,2.4,0,0,0,0, es2018bmlja,0,0.0,0
20180211,121107.000,28.5667,-17.8369,29.1,2.3,0,0,0,0, es2018bmlia,0,0.0,0
20180210,232307.000,28.5761,-17.7838,27.8,2.3,0,0,0,0, es2018bmfjj,0,0.0,0
20171225,103858.000,28.6914,-17.8999,3.6,1.6,0,0,0,0, es2017piabd,0,0.0,0
20171211,050457.000,28.5353,-17.825,3.6,1.1,0,0,0,0, es2017oocig,0,0.0,0
20171019,015859.000,28.5542,-17.8319,9.0,1.9,0,0,0,0, es2017mjgfo,0,1.0,0
20171014,041741.000,28.5618,-17.8585,21.5,1.1,0,0,0,0, es2017mgabf,0,1.0,0
20171014,040049.000,28.552,-17.8903,20.8,1.0,0,0,0,0, es2017mfppf,0,1.0,0
20171014,033336.000,28.5675,-17.8818,21.1,1.1,0,0,0,0, es2017mfplo,0,1.0,0
20171014,021826.000,28.5594,-17.8582,21.8,1.9,0,0,0,0, es2017mfpcl,0,1.0,0
20171014,020508.000,28.5804,-17.8541,21.6,1.4,0,0,0,0, es2017mfpba,0,1.0,0
20171014,015113.000,28.5828,-17.8475,23.1,1.5,0,0,0,0, es2017mfopf,0,1.0,0
20171014,001724.000,28.6282,-17.7891,19.3,1.1,0,0,0,0, es2017mfodm,0,1.0,0
20171013,235322.000,28.5572,-17.8888,23.2,1.5,0,0,0,0, es2017mfoan,0,1.0,0
20171013,233335.000,28.6456,-17.7888,21.7,1.4,0,0,0,0, es2017mfnog,0,1.0,0
20171013,233047.000,28.5966,-17.891,22.9,1.1,0,0,0,0, es2017mfnob,0,1.0,0
20171013,232920.000,28.5801,-17.8338,19.3,1.5,0,0,0,0, es2017mfnno,0,1.0,0
20171013,232834.000,28.5764,-17.8695,22.0,2.0,0,0,0,0, es2017mfnnm,0,1.0,0
20171013,232744.000,28.573,-17.8514,19.3,1.1,0,0,0,0, es2017mfnnl,0,1.0,0
20171013,232010.000,28.5748,-17.8683,21.6,1.5,0,0,0,0, es2017mfnmm,0,1.0,0
20171013,222946.000,28.572,-17.8553,23.2,1.4,0,0,0,0, es2017mfngi,0,1.0,0
20171013,210954.000,28.5562,-17.8414,20.2,0.9,0,0,0,0, es2017mfmml,0,1.0,0
20171013,210057.000,28.5879,-17.8378,19.3,1.8,0,0,0,0, es2017mfmlk,0,1.0,0
20171013,205835.000,28.5656,-17.8672,18.8,1.5,0,0,0,0, es2017mfmlf,0,1.0,0
20171013,205716.000,28.5025,-17.8493,14.0,1.5,0,0,0,0, es2017mfmlc,0,1.0,0
20171013,205457.000,28.5625,-17.8974,20.5,2.1,0,0,0,0, es2017mfmkm,0,1.0,0
20171013,205212.000,28.5798,-17.8692,19.7,1.6,0,0,0,0, es2017mfmki,0,1.0,0
20171013,205120.000,28.5364,-17.8728,23.3,1.5,0,0,0,0, es2017mfmkh,0,1.0,0
20171013,203522.000,28.5548,-17.8909,16.3,1.3,0,0,0,0, es2017mfmih,0,1.0,0
20171013,203139.000,28.5506,-17.8929,22.0,1.2,0,0,0,0, es2017mfmib,0,1.0,0
20171013,203125.000,28.574,-17.8588,16.0,1.2,0,0,0,0, es2017mfmia,0,1.0,0
20171013,201708.000,28.5718,-17.8915,15.0,1.5,0,0,0,0, es2017mfmgd,0,1.0,0
20171013,195226.000,28.5652,-17.8589,17.2,1.1,0,0,0,0, es2017mfmdd,0,1.0,0
20171013,195057.000,28.5691,-17.88,19.6,1.4,0,0,0,0, es2017mfmda,0,1.0,0
20171013,194742.000,28.564,-17.86,19.3,1.6,0,0,0,0, es2017mfmcj,0,1.0,0
20171013,194243.000,28.5448,-17.9064,17.7,1.4,0,0,0,0, es2017mfmca,0,1.0,0
20171013,194105.000,28.578,-17.874,18.9,1.4,0,0,0,0, es2017mfmbm,0,1.0,0
20171013,194015.000,28.5885,-17.8732,15.4,1.6,0,0,0,0, es2017mfmbl,0,1.0,0
20171013,193444.000,28.5593,-17.8788,20.0,1.4,0,0,0,0, es2017mfmba,0,1.0,0
20171013,192242.000,28.5775,-17.8687,17.5,1.5,0,0,0,0, es2017mflpi,0,1.0,0
20171013,185824.000,28.5709,-17.8436,17.4,1.4,0,0,0,0, es2017mflmi,0,1.0,0
20171013,182017.000,28.5589,-17.8581,20.5,1.4,0,0,0,0, es2017mflhn,0,1.0,0
20171013,181638.000,28.5855,-17.8451,17.0,1.3,0,0,0,0, es2017mflhf,0,1.0,0
20171013,180035.000,28.575,-17.8661,21.4,1.4,0,0,0,0, es2017mflfh,0,1.0,0
20171013,174818.000,28.574,-17.893,18.8,1.4,0,0,0,0, es2017mfldp,0,1.0,0
20171013,173713.000,28.6233,-17.854,21.8,1.6,0,0,0,0, es2017mflcj,0,1.0,0
20171013,173626.000,28.5549,-17.8782,19.8,1.6,0,0,0,0, es2017mflch,0,1.0,0
20171013,173016.000,28.641,-17.8436,16.9,1.5,0,0,0,0, es2017mflbl,0,1.0,0
20171013,163141.000,28.5834,-17.813,17.4,1.7,0,0,0,0, es2017mfkki,0,1.0,0
20171013,160553.000,28.5674,-17.8561,19.7,1.6,0,0,0,0, es2017mfkhf,0,1.0,0
20171013,144940.000,28.5587,-17.8667,21.3,1.6,0,0,0,0, es2017mfjnp,0,1.0,0
20171013,143401.000,28.5546,-17.8421,20.1,1.7,0,0,0,0, es2017mfjma,0,1.0,0
20171013,140555.000,28.5931,-17.9272,16.9,1.7,0,0,0,0, es2017mfjij,0,1.0,0
20171013,135236.000,28.5569,-17.8983,18.6,1.3,0,0,0,0, es2017mfjgp,0,1.0,0
20171011,032643.000,28.5505,-17.8657,23.4,1.2,0,0,0,0, es2017mdohl,0,1.0,0
20171011,022942.000,28.601,-17.8133,22.4,1.2,0,0,0,0, es2017mdoal,0,1.0,0
20171009,222047.000,28.5462,-17.8661,24.8,1.2,0,0,0,0, es2017mdbap,0,1.0,0
20171009,061137.000,28.5483,-17.8478,24.8,1.8,0,0,0,0, es2017mcjjl,0,1.0,0
20171009,055608.000,28.622,-17.8352,21.1,1.3,0,0,0,0, es2017mcjhn,0,1.0,0
20171009,040740.000,28.6522,-17.7324,15.0,1.1,0,0,0,0, es2017mcikh,0,1.0,0
20171009,035157.000,28.5813,-17.8189,17.8,1.6,0,0,0,0, es2017mciij,0,1.0,0
20171009,021052.000,28.6043,-17.7827,21.7,1.4,0,0,0,0, es2017mchmc,0,1.0,0
20171009,012032.000,28.5669,-17.8703,21.5,1.9,0,0,0,0, es2017mchfp,0,1.0,0
20171009,010605.000,28.5637,-17.8683,22.5,1.5,0,0,0,0, es2017mchec,0,1.0,0
20171009,004452.000,28.5875,-17.8474,12.2,1.4,0,0,0,0, es2017mchbi,0,1.0,0
20171009,003032.000,28.5713,-17.8401,24.2,1.7,0,0,0,0, es2017mcgpm,0,1.0,0
20171009,002431.000,28.5583,-17.8896,23.8,1.6,0,0,0,0, es2017mcgpa,0,1.0,0
20171009,002059.000,28.5618,-17.8637,24.4,1.7,0,0,0,0, es2017mcgoj,0,1.0,0
20171009,001726.000,28.566,-17.8276,22.1,1.2,0,0,0,0, es2017mcgoc,0,1.0,0
20171009,001259.000,28.5789,-17.8897,24.4,1.8,0,0,0,0, es2017mcgnk,0,1.0,0
20171009,000332.000,28.5534,-17.8569,22.6,2.1,0,0,0,0, es2017mcgmh,0,1.0,0
20171008,235622.000,28.5649,-17.8684,21.3,1.5,0,0,0,0, es2017mcglj,0,1.0,0
20171008,235335.000,28.564,-17.8718,24.4,1.3,0,0,0,0, es2017mcgld,0,1.0,0
20171008,234854.000,28.5555,-17.8577,23.0,1.3,0,0,0,0, es2017mcgkk,0,1.0,0
20171008,234043.000,28.5731,-17.8739,20.9,1.3,0,0,0,0, es2017mcgjk,0,1.0,0
20171008,233429.000,28.6015,-17.8277,15.6,1.3,0,0,0,0, es2017mcgja,0,1.0,0
20171008,233358.000,28.5532,-17.8889,23.0,1.6,0,0,0,0, es2017mcgin,0,1.0,0
20171008,232638.000,28.5925,-17.8241,18.9,1.4,0,0,0,0, es2017mcgho,0,1.0,0
20171008,232523.000,28.5646,-17.8769,20.8,1.5,0,0,0,0, es2017mcghm,0,1.0,0
20171008,232226.000,28.5748,-17.8572,16.8,1.1,0,0,0,0, es2017mcghg,0,1.0,0
20171008,231926.000,28.5651,-17.8626,21.7,1.0,0,0,0,0, es2017mcgha,0,1.0,0
20171008,230954.000,28.5836,-17.8948,21.9,1.5,0,0,0,0, es2017mcgfn,0,1.0,0
20171008,230212.000,28.5789,-17.8325,19.9,1.2,0,0,0,0, es2017mcgeo,0,1.0,0
20171008,230132.000,28.5687,-17.8373,21.4,1.1,0,0,0,0, es2017mcgen,0,1.0,0
20171008,230034.000,28.5736,-17.8863,22.4,1.1,0,0,0,0, es2017mcgel,0,1.0,0
20171008,225240.000,28.5873,-17.8406,20.8,1.3,0,0,0,0, es2017mcgdm,0,1.0,0
20171008,224312.000,28.5762,-17.8597,20.2,1.6,0,0,0,0, es2017mcgck,0,1.0,0
20171008,224303.000,28.5567,-17.852,23.3,1.3,0,0,0,0, es2017mcgcj,0,1.0,0
20171008,224146.000,28.5897,-17.8428,24.2,1.4,0,0,0,0, es2017mcgcg,0,1.0,0
20171008,223948.000,28.5417,-17.9034,23.5,1.2,0,0,0,0, es2017mcgcc,0,1.0,0
20171008,223901.000,28.5513,-17.8477,20.7,1.3,0,0,0,0, es2017mcgcb,0,1.0,0
20171008,223755.000,28.5999,-17.8208,17.0,1.0,0,0,0,0, es2017mcgbp,0,1.0,0
20171008,223647.000,28.574,-17.855,20.3,1.5,0,0,0,0, es2017mcgbm,0,1.0,0
20171008,223259.000,28.5689,-17.8333,22.6,1.3,0,0,0,0, es2017mcgbf,0,1.0,0
20171008,223150.000,28.5618,-17.8566,22.9,1.2,0,0,0,0, es2017mcgbd,0,1.0,0
20171008,223025.000,28.5642,-17.8521,22.4,1.4,0,0,0,0, es2017mcgba,0,1.0,0
20171008,223011.000,28.5666,-17.8788,20.4,1.4,0,0,0,0, es2017mcgap,0,1.0,0
20171008,222910.000,28.5695,-17.8295,20.8,1.3,0,0,0,0, es2017mcgan,0,1.0,0
20171008,222833.000,28.5609,-17.8237,21.1,1.5,0,0,0,0, es2017mcgam,0,1.0,0
20171008,222530.000,28.6075,-17.778,19.8,1.4,0,0,0,0, es2017mcgag,0,1.0,0
20171008,222442.000,28.5532,-17.8793,23.0,1.4,0,0,0,0, es2017mcgaf,0,1.0,0
20171008,222117.000,28.5628,-17.8345,23.0,1.2,0,0,0,0, es2017mcfpo,0,1.0,0
20171008,221522.000,28.5962,-17.8541,19.6,1.3,0,0,0,0, es2017mcfpc,0,1.0,0
20171008,220608.000,28.56,-17.7829,20.3,1.4,0,0,0,0, es2017mcfoa,0,1.0,0
20171008,220118.000,28.5433,-17.8572,22.5,1.4,0,0,0,0, es2017mcfng,0,1.0,0
20171008,220036.000,28.5538,-17.8322,20.4,1.4,0,0,0,0, es2017mcfnf,0,1.0,0
20171008,215430.000,28.5627,-17.8641,21.7,1.2,0,0,0,0, es2017mcfmj,0,1.0,0
20171008,213827.000,28.5601,-17.8467,23.4,1.9,0,0,0,0, es2017mcfkk,0,1.0,0
20171008,213808.000,28.5637,-17.8639,22.3,1.6,0,0,0,0, es2017mcfkj,0,1.0,0
20171008,211914.000,28.5927,-17.8674,20.8,1.3,0,0,0,0, es2017mcfie,0,1.0,0
20171008,210419.000,28.5577,-17.8798,24.4,1.3,0,0,0,0, es2017mcfgg,0,1.0,0
20171008,200351.000,28.5953,-17.8737,23.5,1.5,0,0,0,0, es2017mceop,0,1.0,0
20171008,200053.000,28.5624,-17.8558,21.5,1.5,0,0,0,0, es2017mceoj,0,1.0,0
20171008,175846.000,28.5685,-17.8729,22.5,1.6,0,0,0,0, es2017mcdpj,0,1.0,0
20171008,174304.000,28.5587,-17.887,22.5,1.9,0,0,0,0, es2017mcdnk,0,1.0,0
20171008,153246.000,28.5572,-17.8742,24.5,1.6,0,0,0,0, es2017mccnk,0,1.0,0
20171008,145957.000,28.5661,-17.8744,20.1,1.4,0,0,0,0, es2017mccjj,0,1.0,0
20171008,112931.000,28.6272,-17.8565,24.5,1.7,0,0,0,0, es2017mcapl,0,1.0,0
20171008,102754.000,28.5685,-17.878,37.0,1.7,0,0,0,0, es2017mcaic,0,1.0,0
20171008,083705.000,28.5484,-17.8637,20.7,1.9,0,0,0,0, es2017mbpki,0,1.0,0
20171008,083212.000,28.5879,-17.8685,22.9,1.4,0,0,0,0, es2017mbpjo,0,1.0,0
20171008,082855.000,28.5556,-17.8809,24.9,1.5,0,0,0,0, es2017mbpji,0,1.0,0
20171008,064557.000,28.5979,-17.8463,19.1,1.1,0,0,0,0, es2017mbomn,0,1.0,0
20171008,063510.000,28.5681,-17.8676,23.3,1.7,0,0,0,0, es2017mboli,0,1.0,0
20171008,063410.000,28.5863,-17.8338,20.3,1.5,0,0,0,0, es2017mbolg,0,1.0,0
20171008,062012.000,28.5863,-17.8645,23.2,1.5,0,0,0,0, es2017mbojk,0,1.0,0
20171008,061917.000,28.5694,-17.8821,25.2,1.6,0,0,0,0, es2017mboji,0,1.0,0
20171008,061231.000,28.553,-17.8716,26.0,1.9,0,0,0,0, es2017mboil,0,1.0,0
20171008,055718.000,28.5462,-17.8218,27.3,1.6,0,0,0,0, es2017mbogn,0,1.0,0
20171008,012302.000,28.5499,-17.8549,26.3,2.6,0,0,0,0, es2017mbmfb,0,1.0,0
20171007,230616.000,28.5656,-17.8802,24.4,1.5,0,0,0,0, es2017mblee,0,1.0,0
20171007,200958.000,28.5719,-17.8735,24.2,1.6,0,0,0,0, es2017mbjoj,0,1.0,0
20171007,130325.000,28.5584,-17.8508,28.2,2.7,0,0,0,0, es2017mbgkc,0,1.0,0
20171007,102729.000,28.5661,-17.8807,21.6,1.5,0,0,0,0, es2017mbfgp,0,1.0,0
20170821,020655.000,28.5985,-17.7156,0.0,1.6,0,0,0,0, es2017kajei,0,0.0,0
20170310,032026.000,28.5204,-17.8657,30.0,1.6,0,0,0,0, es2017eunnk,0,0.0,0
20170310,001611.000,28.5008,-17.8863,20.0,2.1,0,0,0,0, es2017cpaoh,0,0.0,0
20170310,001610.000,28.5491,-17.8459,27.0,2.0,0,0,0,0, es2017euhlh,0,0.0,0
20170309,234406.000,28.5346,-17.8349,26.0,1.6,0,0,0,0, es2017eugju,0,0.0,0
