{
"type": "FeatureCollection",
"features": [
{ "type": "Feature", "properties": { "event_type": "2-Volcanic Activity", "obj_desc": "Vent", "det_method": "Photo-interpretation", "notation": "Not Applicable", "dmg_src_id": 28, "thick_mm": 0.000000 }, "geometry": { "type": "Point", "coordinates": [ -17.864527, 28.612911 ] } }
,
{ "type": "Feature", "properties": { "event_type": "2-Volcanic Activity", "obj_desc": "Vent", "det_method": "Photo-interpretation", "notation": "Not Applicable", "dmg_src_id": 28, "thick_mm": 0.000000 }, "geometry": { "type": "Point", "coordinates": [ -17.864865, 28.613284 ] } }
,
{ "type": "Feature", "properties": { "event_type": "2-Volcanic Activity", "obj_desc": "Vent", "det_method": "Photo-interpretation", "notation": "Not Applicable", "dmg_src_id": 28, "thick_mm": 0.000000 }, "geometry": { "type": "Point", "coordinates": [ -17.870140, 28.615496 ] } }
,
{ "type": "Feature", "properties": { "event_type": "2-Volcanic Activity", "obj_desc": "Vent", "det_method": "Photo-interpretation", "notation": "Not Applicable", "dmg_src_id": 28, "thick_mm": 0.000000 }, "geometry": { "type": "Point", "coordinates": [ -17.870116, 28.616812 ] } }
,
{ "type": "Feature", "properties": { "event_type": "2-Volcanic Activity", "obj_desc": "Vent", "det_method": "Photo-interpretation", "notation": "Not Applicable", "dmg_src_id": 28, "thick_mm": 0.000000 }, "geometry": { "type": "Point", "coordinates": [ -17.868870, 28.614355 ] } }
,
{ "type": "Feature", "properties": { "event_type": "2-Volcanic Activity", "obj_desc": "Vent", "det_method": "Photo-interpretation", "notation": "Not Applicable", "dmg_src_id": 28, "thick_mm": 0.000000 }, "geometry": { "type": "Point", "coordinates": [ -17.867438, 28.614134 ] } }
,
{ "type": "Feature", "properties": { "event_type": "2-Volcanic Activity", "obj_desc": "Vent", "det_method": "Photo-interpretation", "notation": "Not Applicable", "dmg_src_id": 28, "thick_mm": 0.000000 }, "geometry": { "type": "Point", "coordinates": [ -17.866239, 28.613761 ] } }
,
{ "type": "Feature", "properties": { "event_type": "2-Volcanic Activity", "obj_desc": "Vent", "det_method": "Photo-interpretation", "notation": "Not Applicable", "dmg_src_id": 28, "thick_mm": 0.000000 }, "geometry": { "type": "Point", "coordinates": [ -17.865515, 28.612789 ] } }

]
}
