{
"type": "FeatureCollection",
"features": [
{ "type": "Feature", "properties": { "obj_type": "23-Complex Constructions on Industrial Sites", "name": "Unknown", "info": "2301-Constructions for mining or extraction", "damage_gra": "No visible damage", "det_method": "Photo-interpretation", "notation": "Not Applicable", "or_src_id": 994, "dmg_src_id": 40, "cd_value": "Not Applicable" }, "geometry": { "type": "Polygon", "coordinates": [ [ [ -17.872267, 28.644565 ], [ -17.872319, 28.644563 ], [ -17.872377, 28.644564 ], [ -17.872508, 28.644566 ], [ -17.872755, 28.644571 ], [ -17.873354, 28.644705 ], [ -17.873647, 28.644791 ], [ -17.873951, 28.644857 ], [ -17.873636, 28.645696 ], [ -17.873956, 28.645727 ], [ -17.874410, 28.645825 ], [ -17.874523, 28.646000 ], [ -17.874517, 28.646067 ], [ -17.874528, 28.646138 ], [ -17.874550, 28.646285 ], [ -17.874606, 28.646557 ], [ -17.874488, 28.646569 ], [ -17.873625, 28.646732 ], [ -17.873121, 28.646793 ], [ -17.872869, 28.647043 ], [ -17.872343, 28.647114 ], [ -17.871785, 28.647071 ], [ -17.871678, 28.646916 ], [ -17.871082, 28.646727 ], [ -17.870948, 28.646304 ], [ -17.870980, 28.645725 ], [ -17.871195, 28.645051 ], [ -17.871288, 28.644781 ], [ -17.871543, 28.644675 ], [ -17.871916, 28.644580 ], [ -17.872267, 28.644565 ] ] ] } }
,
{ "type": "Feature", "properties": { "obj_type": "24-Other Civil Engineering Works", "name": "Unknown", "info": "241-Sport and recreation constructions", "damage_gra": "No visible damage", "det_method": "Photo-interpretation", "notation": "Not Applicable", "or_src_id": 994, "dmg_src_id": 40, "cd_value": "Not Applicable" }, "geometry": { "type": "Polygon", "coordinates": [ [ [ -17.879453, 28.654245 ], [ -17.879463, 28.653987 ], [ -17.879616, 28.653991 ], [ -17.879606, 28.654249 ], [ -17.879453, 28.654245 ] ] ] } }
,
{ "type": "Feature", "properties": { "obj_type": "24-Other Civil Engineering Works", "name": "Unknown", "info": "241-Sport and recreation constructions", "damage_gra": "No visible damage", "det_method": "Photo-interpretation", "notation": "Not Applicable", "or_src_id": 994, "dmg_src_id": 40, "cd_value": "Not Applicable" }, "geometry": { "type": "Polygon", "coordinates": [ [ [ -17.879679, 28.654315 ], [ -17.879703, 28.654002 ], [ -17.879887, 28.654012 ], [ -17.879863, 28.654326 ], [ -17.879679, 28.654315 ] ] ] } }
,
{ "type": "Feature", "properties": { "obj_type": "24-Other Civil Engineering Works", "name": "Unknown", "info": "241-Sport and recreation constructions", "damage_gra": "Possibly damaged", "det_method": "Photo-interpretation", "notation": "Not Applicable", "or_src_id": 994, "dmg_src_id": 40, "cd_value": "Not Applicable" }, "geometry": { "type": "Polygon", "coordinates": [ [ [ -17.905005, 28.632494 ], [ -17.905380, 28.632317 ], [ -17.905493, 28.632502 ], [ -17.905118, 28.632679 ], [ -17.905005, 28.632494 ] ] ] } }
,
{ "type": "Feature", "properties": { "obj_type": "24-Other Civil Engineering Works", "name": "Unknown", "info": "241-Sport and recreation constructions", "damage_gra": "Destroyed", "det_method": "Photo-interpretation", "notation": "Not Applicable", "or_src_id": 994, "dmg_src_id": 40, "cd_value": "Not Applicable" }, "geometry": { "type": "Polygon", "coordinates": [ [ [ -17.904040, 28.616887 ], [ -17.904108, 28.616872 ], [ -17.904176, 28.617106 ], [ -17.904017, 28.617141 ], [ -17.903949, 28.616907 ], [ -17.903970, 28.616903 ], [ -17.904040, 28.616887 ] ] ] } }
,
{ "type": "Feature", "properties": { "obj_type": "24-Other Civil Engineering Works", "name": "Unknown", "info": "241-Sport and recreation constructions", "damage_gra": "Destroyed", "det_method": "Photo-interpretation", "notation": "Not Applicable", "or_src_id": 994, "dmg_src_id": 40, "cd_value": "Not Applicable" }, "geometry": { "type": "Polygon", "coordinates": [ [ [ -17.896182, 28.627640 ], [ -17.896833, 28.627565 ], [ -17.896957, 28.628521 ], [ -17.896308, 28.628589 ], [ -17.896182, 28.627640 ] ] ] } }
,
{ "type": "Feature", "properties": { "obj_type": "24-Other Civil Engineering Works", "name": "Estadio Municipal de El Paso", "info": "2411-Sports grounds", "damage_gra": "No visible damage", "det_method": "Photo-interpretation", "notation": "Not Applicable", "or_src_id": 994, "dmg_src_id": 40, "cd_value": "Not Applicable" }, "geometry": { "type": "Polygon", "coordinates": [ [ [ -17.883636, 28.647799 ], [ -17.883851, 28.646879 ], [ -17.884429, 28.646984 ], [ -17.884214, 28.647903 ], [ -17.883636, 28.647799 ] ] ] } }
,
{ "type": "Feature", "properties": { "obj_type": "24-Other Civil Engineering Works", "name": "Unknown", "info": "2411-Sports grounds", "damage_gra": "No visible damage", "det_method": "Photo-interpretation", "notation": "Not Applicable", "or_src_id": 994, "dmg_src_id": 40, "cd_value": "Not Applicable" }, "geometry": { "type": "Polygon", "coordinates": [ [ [ -17.879946, 28.605046 ], [ -17.880561, 28.604150 ], [ -17.880871, 28.604312 ], [ -17.880879, 28.604299 ], [ -17.881016, 28.604369 ], [ -17.881127, 28.604426 ], [ -17.880571, 28.605245 ], [ -17.880547, 28.605263 ], [ -17.880511, 28.605267 ], [ -17.880477, 28.605258 ], [ -17.879946, 28.605046 ] ] ] } }
,
{ "type": "Feature", "properties": { "obj_type": "24-Other Civil Engineering Works", "name": "Unknown", "info": "2411-Sports grounds", "damage_gra": "No visible damage", "det_method": "Photo-interpretation", "notation": "Not Applicable", "or_src_id": 994, "dmg_src_id": 40, "cd_value": "Not Applicable" }, "geometry": { "type": "Polygon", "coordinates": [ [ [ -17.928902, 28.632192 ], [ -17.929486, 28.632022 ], [ -17.929813, 28.632850 ], [ -17.929244, 28.633023 ], [ -17.928902, 28.632192 ] ] ] } }
,
{ "type": "Feature", "properties": { "obj_type": "24-Other Civil Engineering Works", "name": "Unknown", "info": "2411-Sports grounds", "damage_gra": "No visible damage", "det_method": "Photo-interpretation", "notation": "Not Applicable", "or_src_id": 994, "dmg_src_id": 40, "cd_value": "Not Applicable" }, "geometry": { "type": "Polygon", "coordinates": [ [ [ -17.888727, 28.552644 ], [ -17.888902, 28.552616 ], [ -17.888916, 28.552644 ], [ -17.888759, 28.552706 ], [ -17.888727, 28.552644 ] ] ] } }
,
{ "type": "Feature", "properties": { "obj_type": "24-Other Civil Engineering Works", "name": "Unknown", "info": "2411-Sports grounds", "damage_gra": "No visible damage", "det_method": "Photo-interpretation", "notation": "Not Applicable", "or_src_id": 994, "dmg_src_id": 40, "cd_value": "Not Applicable" }, "geometry": { "type": "Polygon", "coordinates": [ [ [ -17.883850, 28.646424 ], [ -17.883935, 28.646100 ], [ -17.884109, 28.646135 ], [ -17.884024, 28.646459 ], [ -17.883850, 28.646424 ] ] ] } }
,
{ "type": "Feature", "properties": { "obj_type": "24-Other Civil Engineering Works", "name": "Unknown", "info": "2411-Sports grounds", "damage_gra": "No visible damage", "det_method": "Photo-interpretation", "notation": "Not Applicable", "or_src_id": 994, "dmg_src_id": 40, "cd_value": "Not Applicable" }, "geometry": { "type": "Polygon", "coordinates": [ [ [ -17.858345, 28.653106 ], [ -17.858443, 28.653090 ], [ -17.858486, 28.653300 ], [ -17.858388, 28.653315 ], [ -17.858345, 28.653106 ] ] ] } }
,
{ "type": "Feature", "properties": { "obj_type": "24-Other Civil Engineering Works", "name": "Unknown", "info": "2411-Sports grounds", "damage_gra": "No visible damage", "det_method": "Photo-interpretation", "notation": "Not Applicable", "or_src_id": 994, "dmg_src_id": 40, "cd_value": "Not Applicable" }, "geometry": { "type": "Polygon", "coordinates": [ [ [ -17.885144, 28.634225 ], [ -17.885168, 28.634126 ], [ -17.885398, 28.634174 ], [ -17.885373, 28.634269 ], [ -17.885144, 28.634225 ] ] ] } }
,
{ "type": "Feature", "properties": { "obj_type": "24-Other Civil Engineering Works", "name": "Unknown", "info": "2411-Sports grounds", "damage_gra": "No visible damage", "det_method": "Photo-interpretation", "notation": "Not Applicable", "or_src_id": 994, "dmg_src_id": 40, "cd_value": "Not Applicable" }, "geometry": { "type": "Polygon", "coordinates": [ [ [ -17.931591, 28.638705 ], [ -17.931704, 28.638604 ], [ -17.931881, 28.638756 ], [ -17.931768, 28.638858 ], [ -17.931591, 28.638705 ] ] ] } }
,
{ "type": "Feature", "properties": { "obj_type": "24-Other Civil Engineering Works", "name": "Unknown", "info": "2411-Sports grounds", "damage_gra": "No visible damage", "det_method": "Photo-interpretation", "notation": "Not Applicable", "or_src_id": 994, "dmg_src_id": 40, "cd_value": "Not Applicable" }, "geometry": { "type": "Polygon", "coordinates": [ [ [ -17.931928, 28.638967 ], [ -17.932034, 28.638872 ], [ -17.932206, 28.639018 ], [ -17.932099, 28.639114 ], [ -17.931928, 28.638967 ] ] ] } }
,
{ "type": "Feature", "properties": { "obj_type": "24-Other Civil Engineering Works", "name": "Unknown", "info": "2411-Sports grounds", "damage_gra": "Destroyed", "det_method": "Photo-interpretation", "notation": "Not Applicable", "or_src_id": 994, "dmg_src_id": 40, "cd_value": "Not Applicable" }, "geometry": { "type": "Polygon", "coordinates": [ [ [ -17.909235, 28.608455 ], [ -17.909394, 28.608402 ], [ -17.909513, 28.608675 ], [ -17.909355, 28.608728 ], [ -17.909235, 28.608455 ] ] ] } }
,
{ "type": "Feature", "properties": { "obj_type": "24-Other Civil Engineering Works", "name": "Unknown", "info": "2411-Sports grounds", "damage_gra": "No visible damage", "det_method": "Photo-interpretation", "notation": "Not Applicable", "or_src_id": 994, "dmg_src_id": 40, "cd_value": "Not Applicable" }, "geometry": { "type": "Polygon", "coordinates": [ [ [ -17.908901, 28.597075 ], [ -17.909081, 28.597028 ], [ -17.909187, 28.597339 ], [ -17.909007, 28.597386 ], [ -17.908901, 28.597075 ] ] ] } }
,
{ "type": "Feature", "properties": { "obj_type": "24-Other Civil Engineering Works", "name": "Unknown", "info": "2411-Sports grounds", "damage_gra": "No visible damage", "det_method": "Photo-interpretation", "notation": "Not Applicable", "or_src_id": 994, "dmg_src_id": 40, "cd_value": "Not Applicable" }, "geometry": { "type": "Polygon", "coordinates": [ [ [ -17.909136, 28.597010 ], [ -17.909315, 28.596963 ], [ -17.909421, 28.597274 ], [ -17.909241, 28.597321 ], [ -17.909136, 28.597010 ] ] ] } }
,
{ "type": "Feature", "properties": { "obj_type": "24-Other Civil Engineering Works", "name": "Unknown", "info": "2411-Sports grounds", "damage_gra": "No visible damage", "det_method": "Photo-interpretation", "notation": "Not Applicable", "or_src_id": 994, "dmg_src_id": 40, "cd_value": "Not Applicable" }, "geometry": { "type": "Polygon", "coordinates": [ [ [ -17.909377, 28.596950 ], [ -17.909556, 28.596904 ], [ -17.909662, 28.597215 ], [ -17.909482, 28.597262 ], [ -17.909377, 28.596950 ] ] ] } }
,
{ "type": "Feature", "properties": { "obj_type": "24-Other Civil Engineering Works", "name": "Unknown", "info": "2411-Sports grounds", "damage_gra": "No visible damage", "det_method": "Photo-interpretation", "notation": "Not Applicable", "or_src_id": 994, "dmg_src_id": 40, "cd_value": "Not Applicable" }, "geometry": { "type": "Polygon", "coordinates": [ [ [ -17.909634, 28.596890 ], [ -17.909813, 28.596844 ], [ -17.909919, 28.597155 ], [ -17.909739, 28.597202 ], [ -17.909634, 28.596890 ] ] ] } }
,
{ "type": "Feature", "properties": { "obj_type": "24-Other Civil Engineering Works", "name": "Unknown", "info": "2411-Sports grounds", "damage_gra": "Destroyed", "det_method": "Photo-interpretation", "notation": "Not Applicable", "or_src_id": 994, "dmg_src_id": 40, "cd_value": "Not Applicable" }, "geometry": { "type": "Polygon", "coordinates": [ [ [ -17.896473, 28.614360 ], [ -17.896711, 28.614354 ], [ -17.896715, 28.614430 ], [ -17.896475, 28.614438 ], [ -17.896473, 28.614360 ] ] ] } }
,
{ "type": "Feature", "properties": { "obj_type": "24-Other Civil Engineering Works", "name": "Unknown", "info": "2411-Sports grounds", "damage_gra": "No visible damage", "det_method": "Photo-interpretation", "notation": "Not Applicable", "or_src_id": 994, "dmg_src_id": 40, "cd_value": "Not Applicable" }, "geometry": { "type": "Polygon", "coordinates": [ [ [ -17.896241, 28.648014 ], [ -17.896369, 28.647999 ], [ -17.896411, 28.648214 ], [ -17.896366, 28.648241 ], [ -17.896290, 28.648253 ], [ -17.896241, 28.648014 ] ] ] } }
,
{ "type": "Feature", "properties": { "obj_type": "24-Other Civil Engineering Works", "name": "Unknown", "info": "2411-Sports grounds", "damage_gra": "No visible damage", "det_method": "Photo-interpretation", "notation": "Not Applicable", "or_src_id": 994, "dmg_src_id": 40, "cd_value": "Not Applicable" }, "geometry": { "type": "Polygon", "coordinates": [ [ [ -17.907492, 28.582300 ], [ -17.907805, 28.582170 ], [ -17.907880, 28.582308 ], [ -17.907566, 28.582438 ], [ -17.907492, 28.582300 ] ] ] } }
,
{ "type": "Feature", "properties": { "obj_type": "24-Other Civil Engineering Works", "name": "Campo de Lucha Canaria Federico Simón", "info": "2412-Other sport and recreation constructions", "damage_gra": "No visible damage", "det_method": "Photo-interpretation", "notation": "Not Applicable", "or_src_id": 994, "dmg_src_id": 40, "cd_value": "Not Applicable" }, "geometry": { "type": "Polygon", "coordinates": [ [ [ -17.880509, 28.604095 ], [ -17.880662, 28.603774 ], [ -17.880938, 28.603776 ], [ -17.880950, 28.604112 ], [ -17.880785, 28.604106 ], [ -17.880509, 28.604095 ] ] ] } }
,
{ "type": "Feature", "properties": { "obj_type": "24-Other Civil Engineering Works", "name": "Unknown", "info": "2412-Other sport and recreation constructions", "damage_gra": "No visible damage", "det_method": "Photo-interpretation", "notation": "Not Applicable", "or_src_id": 994, "dmg_src_id": 40, "cd_value": "Not Applicable" }, "geometry": { "type": "Polygon", "coordinates": [ [ [ -17.875646, 28.634625 ], [ -17.875605, 28.634509 ], [ -17.875599, 28.634491 ], [ -17.875591, 28.634456 ], [ -17.875569, 28.634357 ], [ -17.875500, 28.634067 ], [ -17.875483, 28.633996 ], [ -17.875468, 28.633923 ], [ -17.875437, 28.633778 ], [ -17.875338, 28.633310 ], [ -17.875600, 28.633258 ], [ -17.875606, 28.633435 ], [ -17.875555, 28.633476 ], [ -17.875623, 28.633753 ], [ -17.875631, 28.633787 ], [ -17.875718, 28.634065 ], [ -17.875757, 28.634211 ], [ -17.875783, 28.634305 ], [ -17.875846, 28.634529 ], [ -17.875781, 28.634517 ], [ -17.875689, 28.634564 ], [ -17.875646, 28.634625 ] ] ] } }
,
{ "type": "Feature", "properties": { "obj_type": "24-Other Civil Engineering Works", "name": "Unknown", "info": "2412-Other sport and recreation constructions", "damage_gra": "No visible damage", "det_method": "Photo-interpretation", "notation": "Not Applicable", "or_src_id": 994, "dmg_src_id": 40, "cd_value": "Not Applicable" }, "geometry": { "type": "Polygon", "coordinates": [ [ [ -17.865682, 28.651111 ], [ -17.865806, 28.651076 ], [ -17.865891, 28.651086 ], [ -17.866109, 28.651060 ], [ -17.866241, 28.651282 ], [ -17.866384, 28.651524 ], [ -17.866104, 28.651744 ], [ -17.866088, 28.651703 ], [ -17.865968, 28.651532 ], [ -17.865896, 28.651433 ], [ -17.865764, 28.651280 ], [ -17.865748, 28.651198 ], [ -17.865705, 28.651169 ], [ -17.865682, 28.651111 ] ] ] } }
,
{ "type": "Feature", "properties": { "obj_type": "24-Other Civil Engineering Works", "name": "Unknown", "info": "2412-Other sport and recreation constructions", "damage_gra": "No visible damage", "det_method": "Photo-interpretation", "notation": "Not Applicable", "or_src_id": 994, "dmg_src_id": 40, "cd_value": "Not Applicable" }, "geometry": { "type": "Polygon", "coordinates": [ [ [ -17.889333, 28.638366 ], [ -17.889386, 28.638316 ], [ -17.889413, 28.638331 ], [ -17.889446, 28.638337 ], [ -17.889464, 28.638355 ], [ -17.889469, 28.638382 ], [ -17.889483, 28.638402 ], [ -17.889446, 28.638498 ], [ -17.889278, 28.638418 ], [ -17.889333, 28.638366 ] ] ] } }
,
{ "type": "Feature", "properties": { "obj_type": "24-Other Civil Engineering Works", "name": "Unknown", "info": "2412-Other sport and recreation constructions", "damage_gra": "No visible damage", "det_method": "Photo-interpretation", "notation": "Not Applicable", "or_src_id": 994, "dmg_src_id": 40, "cd_value": "Not Applicable" }, "geometry": { "type": "Polygon", "coordinates": [ [ [ -17.889499, 28.637577 ], [ -17.889601, 28.637571 ], [ -17.889738, 28.637580 ], [ -17.889739, 28.637606 ], [ -17.889733, 28.637638 ], [ -17.889724, 28.637688 ], [ -17.889711, 28.637800 ], [ -17.889646, 28.637783 ], [ -17.889577, 28.637694 ], [ -17.889518, 28.637604 ], [ -17.889499, 28.637577 ] ] ] } }
,
{ "type": "Feature", "properties": { "obj_type": "24-Other Civil Engineering Works", "name": "Unknown", "info": "2412-Other sport and recreation constructions", "damage_gra": "No visible damage", "det_method": "Photo-interpretation", "notation": "Not Applicable", "or_src_id": 994, "dmg_src_id": 40, "cd_value": "Not Applicable" }, "geometry": { "type": "Polygon", "coordinates": [ [ [ -17.867479, 28.652561 ], [ -17.867275, 28.652494 ], [ -17.867060, 28.652494 ], [ -17.866981, 28.652481 ], [ -17.866831, 28.652456 ], [ -17.866887, 28.652111 ], [ -17.866832, 28.651833 ], [ -17.867055, 28.651816 ], [ -17.867217, 28.652186 ], [ -17.868000, 28.652145 ], [ -17.868169, 28.652136 ], [ -17.868236, 28.652088 ], [ -17.868719, 28.652072 ], [ -17.868687, 28.652201 ], [ -17.868662, 28.652299 ], [ -17.868594, 28.652362 ], [ -17.868528, 28.652421 ], [ -17.868497, 28.652552 ], [ -17.868487, 28.652688 ], [ -17.868423, 28.652786 ], [ -17.868049, 28.652698 ], [ -17.867687, 28.652612 ], [ -17.867479, 28.652561 ] ] ] } }
,
{ "type": "Feature", "properties": { "obj_type": "24-Other Civil Engineering Works", "name": "Unknown", "info": "2412-Other sport and recreation constructions", "damage_gra": "No visible damage", "det_method": "Photo-interpretation", "notation": "Not Applicable", "or_src_id": 994, "dmg_src_id": 40, "cd_value": "Not Applicable" }, "geometry": { "type": "Polygon", "coordinates": [ [ [ -17.883375, 28.647528 ], [ -17.883428, 28.647316 ], [ -17.883495, 28.647330 ], [ -17.883555, 28.647343 ], [ -17.883493, 28.647553 ], [ -17.883375, 28.647528 ] ] ] } }
,
{ "type": "Feature", "properties": { "obj_type": "24-Other Civil Engineering Works", "name": "Unknown", "info": "2412-Other sport and recreation constructions", "damage_gra": "No visible damage", "det_method": "Photo-interpretation", "notation": "Not Applicable", "or_src_id": 994, "dmg_src_id": 40, "cd_value": "Not Applicable" }, "geometry": { "type": "Polygon", "coordinates": [ [ [ -17.851829, 28.644599 ], [ -17.851987, 28.644521 ], [ -17.852046, 28.644537 ], [ -17.852130, 28.644547 ], [ -17.852188, 28.644515 ], [ -17.852226, 28.644499 ], [ -17.852491, 28.644982 ], [ -17.852647, 28.645274 ], [ -17.852771, 28.645534 ], [ -17.852835, 28.645722 ], [ -17.852940, 28.646073 ], [ -17.852688, 28.645852 ], [ -17.852545, 28.645759 ], [ -17.852469, 28.645621 ], [ -17.852225, 28.645477 ], [ -17.852059, 28.645243 ], [ -17.851956, 28.645085 ], [ -17.851984, 28.645032 ], [ -17.851836, 28.644810 ], [ -17.851829, 28.644599 ] ] ] } }
,
{ "type": "Feature", "properties": { "obj_type": "24-Other Civil Engineering Works", "name": "Unknown", "info": "2412-Other sport and recreation constructions", "damage_gra": "No visible damage", "det_method": "Photo-interpretation", "notation": "Not Applicable", "or_src_id": 994, "dmg_src_id": 40, "cd_value": "Not Applicable" }, "geometry": { "type": "Polygon", "coordinates": [ [ [ -17.857806, 28.645867 ], [ -17.857764, 28.645678 ], [ -17.857889, 28.645678 ], [ -17.858056, 28.645680 ], [ -17.858223, 28.646141 ], [ -17.857925, 28.646201 ], [ -17.857908, 28.646189 ], [ -17.857874, 28.646106 ], [ -17.857831, 28.646010 ], [ -17.857806, 28.645867 ] ] ] } }
,
{ "type": "Feature", "properties": { "obj_type": "24-Other Civil Engineering Works", "name": "Unknown", "info": "2412-Other sport and recreation constructions", "damage_gra": "No visible damage", "det_method": "Photo-interpretation", "notation": "Not Applicable", "or_src_id": 994, "dmg_src_id": 40, "cd_value": "Not Applicable" }, "geometry": { "type": "Polygon", "coordinates": [ [ [ -17.859862, 28.649474 ], [ -17.860128, 28.649415 ], [ -17.860322, 28.649447 ], [ -17.860332, 28.649506 ], [ -17.860331, 28.649515 ], [ -17.860323, 28.649584 ], [ -17.860271, 28.649752 ], [ -17.860271, 28.649818 ], [ -17.860289, 28.649899 ], [ -17.860292, 28.649911 ], [ -17.860312, 28.649955 ], [ -17.859555, 28.649965 ], [ -17.859447, 28.649636 ], [ -17.859862, 28.649474 ] ] ] } }
,
{ "type": "Feature", "properties": { "obj_type": "24-Other Civil Engineering Works", "name": "Unknown", "info": "2412-Other sport and recreation constructions", "damage_gra": "No visible damage", "det_method": "Photo-interpretation", "notation": "Not Applicable", "or_src_id": 994, "dmg_src_id": 40, "cd_value": "Not Applicable" }, "geometry": { "type": "Polygon", "coordinates": [ [ [ -17.879234, 28.596147 ], [ -17.879262, 28.596098 ], [ -17.879564, 28.596276 ], [ -17.879532, 28.596322 ], [ -17.879234, 28.596147 ] ] ] } }
,
{ "type": "Feature", "properties": { "obj_type": "24-Other Civil Engineering Works", "name": "Unknown", "info": "2412-Other sport and recreation constructions", "damage_gra": "No visible damage", "det_method": "Photo-interpretation", "notation": "Not Applicable", "or_src_id": 994, "dmg_src_id": 40, "cd_value": "Not Applicable" }, "geometry": { "type": "Polygon", "coordinates": [ [ [ -17.865361, 28.642961 ], [ -17.865487, 28.642905 ], [ -17.865526, 28.642954 ], [ -17.865587, 28.643032 ], [ -17.865730, 28.643206 ], [ -17.865766, 28.643238 ], [ -17.865903, 28.643357 ], [ -17.865987, 28.643412 ], [ -17.866020, 28.643434 ], [ -17.866046, 28.643460 ], [ -17.866059, 28.643473 ], [ -17.866066, 28.643479 ], [ -17.866090, 28.643503 ], [ -17.866095, 28.643527 ], [ -17.866105, 28.643573 ], [ -17.866110, 28.643592 ], [ -17.866119, 28.643714 ], [ -17.866120, 28.643726 ], [ -17.866124, 28.643751 ], [ -17.866131, 28.643800 ], [ -17.866136, 28.643829 ], [ -17.866135, 28.643848 ], [ -17.866149, 28.643917 ], [ -17.865715, 28.643977 ], [ -17.865221, 28.644022 ], [ -17.865157, 28.643526 ], [ -17.864981, 28.643504 ], [ -17.864967, 28.643122 ], [ -17.865121, 28.643062 ], [ -17.865313, 28.642983 ], [ -17.865361, 28.642961 ] ] ] } }
,
{ "type": "Feature", "properties": { "obj_type": "24-Other Civil Engineering Works", "name": "Unknown", "info": "2412-Other sport and recreation constructions", "damage_gra": "No visible damage", "det_method": "Photo-interpretation", "notation": "Not Applicable", "or_src_id": 994, "dmg_src_id": 40, "cd_value": "Not Applicable" }, "geometry": { "type": "Polygon", "coordinates": [ [ [ -17.864358, 28.645547 ], [ -17.864310, 28.645272 ], [ -17.864409, 28.645283 ], [ -17.864782, 28.645320 ], [ -17.864885, 28.645330 ], [ -17.864926, 28.645649 ], [ -17.864403, 28.645804 ], [ -17.864358, 28.645547 ] ] ] } }
,
{ "type": "Feature", "properties": { "obj_type": "24-Other Civil Engineering Works", "name": "Unknown", "info": "2412-Other sport and recreation constructions", "damage_gra": "No visible damage", "det_method": "Photo-interpretation", "notation": "Not Applicable", "or_src_id": 994, "dmg_src_id": 40, "cd_value": "Not Applicable" }, "geometry": { "type": "Polygon", "coordinates": [ [ [ -17.882279, 28.605278 ], [ -17.882359, 28.605253 ], [ -17.882390, 28.605263 ], [ -17.882392, 28.605294 ], [ -17.882382, 28.605319 ], [ -17.882348, 28.605341 ], [ -17.882323, 28.605345 ], [ -17.882302, 28.605354 ], [ -17.882259, 28.605284 ], [ -17.882279, 28.605278 ] ] ] } }
,
{ "type": "Feature", "properties": { "obj_type": "24-Other Civil Engineering Works", "name": "Unknown", "info": "2412-Other sport and recreation constructions", "damage_gra": "No visible damage", "det_method": "Photo-interpretation", "notation": "Not Applicable", "or_src_id": 994, "dmg_src_id": 40, "cd_value": "Not Applicable" }, "geometry": { "type": "Polygon", "coordinates": [ [ [ -17.882683, 28.605275 ], [ -17.882738, 28.605267 ], [ -17.882914, 28.605280 ], [ -17.882907, 28.605362 ], [ -17.882879, 28.605388 ], [ -17.882729, 28.605397 ], [ -17.882682, 28.605411 ], [ -17.882648, 28.605423 ], [ -17.882629, 28.605377 ], [ -17.882571, 28.605292 ], [ -17.882683, 28.605275 ] ] ] } }
,
{ "type": "Feature", "properties": { "obj_type": "24-Other Civil Engineering Works", "name": "Unknown", "info": "2412-Other sport and recreation constructions", "damage_gra": "Destroyed", "det_method": "Photo-interpretation", "notation": "Not Applicable", "or_src_id": 994, "dmg_src_id": 40, "cd_value": "Not Applicable" }, "geometry": { "type": "Polygon", "coordinates": [ [ [ -17.875319, 28.613968 ], [ -17.875464, 28.613926 ], [ -17.875580, 28.613928 ], [ -17.875649, 28.613951 ], [ -17.875591, 28.614046 ], [ -17.875532, 28.614144 ], [ -17.875470, 28.614245 ], [ -17.875389, 28.614356 ], [ -17.875285, 28.614500 ], [ -17.875198, 28.614618 ], [ -17.875079, 28.614563 ], [ -17.875144, 28.614205 ], [ -17.875231, 28.614033 ], [ -17.875319, 28.613968 ] ] ] } }
,
{ "type": "Feature", "properties": { "obj_type": "24-Other Civil Engineering Works", "name": "Unknown", "info": "2412-Other sport and recreation constructions", "damage_gra": "No visible damage", "det_method": "Photo-interpretation", "notation": "Not Applicable", "or_src_id": 994, "dmg_src_id": 40, "cd_value": "Not Applicable" }, "geometry": { "type": "Polygon", "coordinates": [ [ [ -17.873914, 28.634917 ], [ -17.873849, 28.634837 ], [ -17.873804, 28.634782 ], [ -17.873652, 28.634516 ], [ -17.873643, 28.634352 ], [ -17.873918, 28.634340 ], [ -17.874177, 28.634329 ], [ -17.874209, 28.634395 ], [ -17.874215, 28.634683 ], [ -17.874219, 28.634875 ], [ -17.874015, 28.634865 ], [ -17.873914, 28.634917 ] ] ] } }
,
{ "type": "Feature", "properties": { "obj_type": "24-Other Civil Engineering Works", "name": "Unknown", "info": "2412-Other sport and recreation constructions", "damage_gra": "No visible damage", "det_method": "Photo-interpretation", "notation": "Not Applicable", "or_src_id": 994, "dmg_src_id": 40, "cd_value": "Not Applicable" }, "geometry": { "type": "Polygon", "coordinates": [ [ [ -17.872025, 28.634021 ], [ -17.872422, 28.633833 ], [ -17.872731, 28.634072 ], [ -17.872724, 28.634218 ], [ -17.872504, 28.634349 ], [ -17.872313, 28.634377 ], [ -17.872117, 28.634444 ], [ -17.872075, 28.634401 ], [ -17.872053, 28.634234 ], [ -17.872025, 28.634021 ] ] ] } }
,
{ "type": "Feature", "properties": { "obj_type": "24-Other Civil Engineering Works", "name": "Unknown", "info": "2412-Other sport and recreation constructions", "damage_gra": "No visible damage", "det_method": "Photo-interpretation", "notation": "Not Applicable", "or_src_id": 994, "dmg_src_id": 40, "cd_value": "Not Applicable" }, "geometry": { "type": "Polygon", "coordinates": [ [ [ -17.874073, 28.634127 ], [ -17.873967, 28.634090 ], [ -17.873839, 28.634117 ], [ -17.873672, 28.633951 ], [ -17.873781, 28.633886 ], [ -17.873894, 28.633793 ], [ -17.873919, 28.633726 ], [ -17.874053, 28.633670 ], [ -17.874212, 28.633620 ], [ -17.874209, 28.634026 ], [ -17.874073, 28.634127 ] ] ] } }
,
{ "type": "Feature", "properties": { "obj_type": "24-Other Civil Engineering Works", "name": "Unknown", "info": "2412-Other sport and recreation constructions", "damage_gra": "No visible damage", "det_method": "Photo-interpretation", "notation": "Not Applicable", "or_src_id": 994, "dmg_src_id": 40, "cd_value": "Not Applicable" }, "geometry": { "type": "Polygon", "coordinates": [ [ [ -17.863776, 28.638631 ], [ -17.864234, 28.638408 ], [ -17.864445, 28.638744 ], [ -17.863960, 28.639419 ], [ -17.863883, 28.639350 ], [ -17.863311, 28.638835 ], [ -17.863546, 28.638743 ], [ -17.863776, 28.638631 ] ] ] } }
,
{ "type": "Feature", "properties": { "obj_type": "24-Other Civil Engineering Works", "name": "Unknown", "info": "2412-Other sport and recreation constructions", "damage_gra": "No visible damage", "det_method": "Photo-interpretation", "notation": "Not Applicable", "or_src_id": 994, "dmg_src_id": 40, "cd_value": "Not Applicable" }, "geometry": { "type": "Polygon", "coordinates": [ [ [ -17.862306, 28.639773 ], [ -17.862288, 28.639558 ], [ -17.862531, 28.639673 ], [ -17.862761, 28.639650 ], [ -17.863010, 28.639566 ], [ -17.863158, 28.639537 ], [ -17.863249, 28.639520 ], [ -17.863134, 28.639948 ], [ -17.862890, 28.640020 ], [ -17.862815, 28.640017 ], [ -17.862561, 28.640008 ], [ -17.862306, 28.639773 ] ] ] } }
,
{ "type": "Feature", "properties": { "obj_type": "24-Other Civil Engineering Works", "name": "Unknown", "info": "2412-Other sport and recreation constructions", "damage_gra": "No visible damage", "det_method": "Photo-interpretation", "notation": "Not Applicable", "or_src_id": 994, "dmg_src_id": 40, "cd_value": "Not Applicable" }, "geometry": { "type": "Polygon", "coordinates": [ [ [ -17.868780, 28.620336 ], [ -17.869361, 28.620325 ], [ -17.869352, 28.620358 ], [ -17.869370, 28.620429 ], [ -17.869380, 28.620437 ], [ -17.869443, 28.620490 ], [ -17.869553, 28.620526 ], [ -17.869590, 28.620560 ], [ -17.869625, 28.620591 ], [ -17.869685, 28.620650 ], [ -17.869680, 28.620686 ], [ -17.869698, 28.620780 ], [ -17.869406, 28.620892 ], [ -17.869321, 28.620783 ], [ -17.869077, 28.620608 ], [ -17.868848, 28.620425 ], [ -17.868780, 28.620336 ] ] ] } }
,
{ "type": "Feature", "properties": { "obj_type": "24-Other Civil Engineering Works", "name": "Unknown", "info": "2412-Other sport and recreation constructions", "damage_gra": "No visible damage", "det_method": "Photo-interpretation", "notation": "Not Applicable", "or_src_id": 994, "dmg_src_id": 40, "cd_value": "Not Applicable" }, "geometry": { "type": "Polygon", "coordinates": [ [ [ -17.863876, 28.637172 ], [ -17.863944, 28.637021 ], [ -17.864068, 28.636855 ], [ -17.864233, 28.636734 ], [ -17.864627, 28.636550 ], [ -17.864774, 28.636548 ], [ -17.864874, 28.636699 ], [ -17.864929, 28.636783 ], [ -17.865001, 28.636961 ], [ -17.864797, 28.637074 ], [ -17.864683, 28.637150 ], [ -17.864633, 28.637164 ], [ -17.864518, 28.637154 ], [ -17.864431, 28.637155 ], [ -17.864316, 28.637176 ], [ -17.864118, 28.637193 ], [ -17.864024, 28.637195 ], [ -17.863959, 28.637187 ], [ -17.863876, 28.637172 ] ] ] } }
,
{ "type": "Feature", "properties": { "obj_type": "24-Other Civil Engineering Works", "name": "Unknown", "info": "2412-Other sport and recreation constructions", "damage_gra": "No visible damage", "det_method": "Photo-interpretation", "notation": "Not Applicable", "or_src_id": 994, "dmg_src_id": 40, "cd_value": "Not Applicable" }, "geometry": { "type": "Polygon", "coordinates": [ [ [ -17.874982, 28.642274 ], [ -17.875048, 28.642163 ], [ -17.875158, 28.642037 ], [ -17.875402, 28.641944 ], [ -17.875472, 28.641906 ], [ -17.875555, 28.641841 ], [ -17.875643, 28.641740 ], [ -17.875780, 28.641584 ], [ -17.875918, 28.641825 ], [ -17.876013, 28.641992 ], [ -17.876141, 28.642215 ], [ -17.875808, 28.642214 ], [ -17.875507, 28.642244 ], [ -17.875491, 28.642393 ], [ -17.875270, 28.642363 ], [ -17.874950, 28.642328 ], [ -17.874982, 28.642274 ] ] ] } }
,
{ "type": "Feature", "properties": { "obj_type": "24-Other Civil Engineering Works", "name": "Unknown", "info": "2412-Other sport and recreation constructions", "damage_gra": "No visible damage", "det_method": "Photo-interpretation", "notation": "Not Applicable", "or_src_id": 994, "dmg_src_id": 40, "cd_value": "Not Applicable" }, "geometry": { "type": "Polygon", "coordinates": [ [ [ -17.878795, 28.643472 ], [ -17.878865, 28.643252 ], [ -17.879226, 28.643277 ], [ -17.879255, 28.643405 ], [ -17.879093, 28.643444 ], [ -17.879062, 28.643477 ], [ -17.879059, 28.643574 ], [ -17.879060, 28.643707 ], [ -17.878960, 28.643748 ], [ -17.878912, 28.643768 ], [ -17.878862, 28.643773 ], [ -17.878842, 28.643775 ], [ -17.878761, 28.643782 ], [ -17.878675, 28.643789 ], [ -17.878786, 28.643619 ], [ -17.878795, 28.643472 ] ] ] } }
,
{ "type": "Feature", "properties": { "obj_type": "24-Other Civil Engineering Works", "name": "Unknown", "info": "2412-Other sport and recreation constructions", "damage_gra": "No visible damage", "det_method": "Photo-interpretation", "notation": "Not Applicable", "or_src_id": 994, "dmg_src_id": 40, "cd_value": "Not Applicable" }, "geometry": { "type": "Polygon", "coordinates": [ [ [ -17.931180, 28.643431 ], [ -17.931211, 28.643417 ], [ -17.931208, 28.643448 ], [ -17.931275, 28.643454 ], [ -17.931409, 28.643464 ], [ -17.931424, 28.643615 ], [ -17.931151, 28.643680 ], [ -17.931112, 28.643585 ], [ -17.931190, 28.643533 ], [ -17.931180, 28.643431 ] ] ] } }
,
{ "type": "Feature", "properties": { "obj_type": "24-Other Civil Engineering Works", "name": "Unknown", "info": "2412-Other sport and recreation constructions", "damage_gra": "No visible damage", "det_method": "Photo-interpretation", "notation": "Not Applicable", "or_src_id": 994, "dmg_src_id": 40, "cd_value": "Not Applicable" }, "geometry": { "type": "Polygon", "coordinates": [ [ [ -17.931815, 28.643591 ], [ -17.931829, 28.643558 ], [ -17.931848, 28.643569 ], [ -17.931815, 28.643591 ] ] ] } }
,
{ "type": "Feature", "properties": { "obj_type": "24-Other Civil Engineering Works", "name": "Unknown", "info": "2412-Other sport and recreation constructions", "damage_gra": "No visible damage", "det_method": "Photo-interpretation", "notation": "Not Applicable", "or_src_id": 994, "dmg_src_id": 40, "cd_value": "Not Applicable" }, "geometry": { "type": "Polygon", "coordinates": [ [ [ -17.932212, 28.642038 ], [ -17.932064, 28.641654 ], [ -17.932067, 28.641572 ], [ -17.932185, 28.641476 ], [ -17.932495, 28.641831 ], [ -17.932733, 28.641805 ], [ -17.932906, 28.641958 ], [ -17.932877, 28.641977 ], [ -17.932808, 28.641921 ], [ -17.932779, 28.641949 ], [ -17.932765, 28.641938 ], [ -17.932748, 28.641953 ], [ -17.932695, 28.641911 ], [ -17.932661, 28.641897 ], [ -17.932346, 28.641979 ], [ -17.932296, 28.642000 ], [ -17.932212, 28.642038 ] ] ] } }
,
{ "type": "Feature", "properties": { "obj_type": "24-Other Civil Engineering Works", "name": "Unknown", "info": "2412-Other sport and recreation constructions", "damage_gra": "No visible damage", "det_method": "Photo-interpretation", "notation": "Not Applicable", "or_src_id": 994, "dmg_src_id": 40, "cd_value": "Not Applicable" }, "geometry": { "type": "Polygon", "coordinates": [ [ [ -17.860103, 28.650719 ], [ -17.860364, 28.650701 ], [ -17.860511, 28.650853 ], [ -17.860836, 28.650988 ], [ -17.861318, 28.651026 ], [ -17.861538, 28.651044 ], [ -17.861518, 28.651374 ], [ -17.861512, 28.651475 ], [ -17.861232, 28.651492 ], [ -17.860753, 28.651453 ], [ -17.860460, 28.651395 ], [ -17.860185, 28.651341 ], [ -17.860046, 28.651044 ], [ -17.859899, 28.650733 ], [ -17.860103, 28.650719 ] ] ] } }
,
{ "type": "Feature", "properties": { "obj_type": "24-Other Civil Engineering Works", "name": "Unknown", "info": "2412-Other sport and recreation constructions", "damage_gra": "No visible damage", "det_method": "Photo-interpretation", "notation": "Not Applicable", "or_src_id": 994, "dmg_src_id": 40, "cd_value": "Not Applicable" }, "geometry": { "type": "Polygon", "coordinates": [ [ [ -17.852352, 28.654617 ], [ -17.852309, 28.654612 ], [ -17.852227, 28.654615 ], [ -17.852112, 28.654620 ], [ -17.852077, 28.654622 ], [ -17.852018, 28.654624 ], [ -17.851965, 28.654627 ], [ -17.851962, 28.654411 ], [ -17.851955, 28.654307 ], [ -17.851833, 28.654327 ], [ -17.851811, 28.654283 ], [ -17.851758, 28.654229 ], [ -17.851750, 28.654110 ], [ -17.851938, 28.654099 ], [ -17.851958, 28.653945 ], [ -17.851947, 28.653878 ], [ -17.851889, 28.653854 ], [ -17.851899, 28.653750 ], [ -17.851926, 28.653702 ], [ -17.851934, 28.653687 ], [ -17.851998, 28.653701 ], [ -17.852108, 28.653774 ], [ -17.852289, 28.653898 ], [ -17.852294, 28.653943 ], [ -17.852256, 28.654120 ], [ -17.852239, 28.654203 ], [ -17.852181, 28.654197 ], [ -17.852177, 28.654302 ], [ -17.852218, 28.654305 ], [ -17.852200, 28.654386 ], [ -17.852224, 28.654388 ], [ -17.852120, 28.654489 ], [ -17.852291, 28.654517 ], [ -17.852256, 28.654391 ], [ -17.852295, 28.654395 ], [ -17.852302, 28.654362 ], [ -17.852328, 28.654392 ], [ -17.852348, 28.654400 ], [ -17.852379, 28.654402 ], [ -17.852398, 28.654394 ], [ -17.852418, 28.654372 ], [ -17.852421, 28.654330 ], [ -17.852393, 28.654303 ], [ -17.852373, 28.654297 ], [ -17.852344, 28.654301 ], [ -17.852385, 28.654241 ], [ -17.852447, 28.654147 ], [ -17.852515, 28.654043 ], [ -17.852550, 28.653990 ], [ -17.852604, 28.653988 ], [ -17.852664, 28.653984 ], [ -17.852660, 28.654010 ], [ -17.852649, 28.654008 ], [ -17.852639, 28.654176 ], [ -17.852704, 28.654186 ], [ -17.852751, 28.654206 ], [ -17.852728, 28.654299 ], [ -17.852688, 28.654327 ], [ -17.852655, 28.654649 ], [ -17.852615, 28.654648 ], [ -17.852504, 28.654635 ], [ -17.852426, 28.654626 ], [ -17.852352, 28.654617 ] ] ] } }
,
{ "type": "Feature", "properties": { "obj_type": "24-Other Civil Engineering Works", "name": "Unknown", "info": "2412-Other sport and recreation constructions", "damage_gra": "No visible damage", "det_method": "Photo-interpretation", "notation": "Not Applicable", "or_src_id": 994, "dmg_src_id": 40, "cd_value": "Not Applicable" }, "geometry": { "type": "Polygon", "coordinates": [ [ [ -17.880582, 28.651783 ], [ -17.880643, 28.651521 ], [ -17.880700, 28.651536 ], [ -17.880746, 28.651550 ], [ -17.880757, 28.651552 ], [ -17.880766, 28.651528 ], [ -17.880922, 28.651586 ], [ -17.880872, 28.651687 ], [ -17.880837, 28.651746 ], [ -17.880785, 28.651787 ], [ -17.880702, 28.651801 ], [ -17.880582, 28.651783 ] ] ] } }
,
{ "type": "Feature", "properties": { "obj_type": "24-Other Civil Engineering Works", "name": "Jardin de la Era", "info": "2412-Other sport and recreation constructions", "damage_gra": "No visible damage", "det_method": "Photo-interpretation", "notation": "Not Applicable", "or_src_id": 994, "dmg_src_id": 40, "cd_value": "Not Applicable" }, "geometry": { "type": "Polygon", "coordinates": [ [ [ -17.881010, 28.651675 ], [ -17.881079, 28.651645 ], [ -17.881280, 28.651710 ], [ -17.881242, 28.651798 ], [ -17.881194, 28.651904 ], [ -17.880925, 28.651869 ], [ -17.880937, 28.651846 ], [ -17.880962, 28.651740 ], [ -17.881010, 28.651675 ] ] ] } }
,
{ "type": "Feature", "properties": { "obj_type": "24-Other Civil Engineering Works", "name": "Unknown", "info": "2412-Other sport and recreation constructions", "damage_gra": "No visible damage", "det_method": "Photo-interpretation", "notation": "Not Applicable", "or_src_id": 994, "dmg_src_id": 40, "cd_value": "Not Applicable" }, "geometry": { "type": "Polygon", "coordinates": [ [ [ -17.879184, 28.652616 ], [ -17.879346, 28.652222 ], [ -17.879539, 28.652265 ], [ -17.879382, 28.652792 ], [ -17.879198, 28.652744 ], [ -17.879235, 28.652630 ], [ -17.879184, 28.652616 ] ] ] } }
,
{ "type": "Feature", "properties": { "obj_type": "24-Other Civil Engineering Works", "name": "Mirador de Abora", "info": "2412-Other sport and recreation constructions", "damage_gra": "No visible damage", "det_method": "Photo-interpretation", "notation": "Not Applicable", "or_src_id": 994, "dmg_src_id": 40, "cd_value": "Not Applicable" }, "geometry": { "type": "Polygon", "coordinates": [ [ [ -17.882056, 28.652737 ], [ -17.881986, 28.652709 ], [ -17.881976, 28.652730 ], [ -17.881920, 28.652709 ], [ -17.881915, 28.652719 ], [ -17.881837, 28.652706 ], [ -17.881839, 28.652666 ], [ -17.881821, 28.652666 ], [ -17.881817, 28.652634 ], [ -17.881789, 28.652606 ], [ -17.881719, 28.652588 ], [ -17.881711, 28.652548 ], [ -17.881772, 28.652554 ], [ -17.881828, 28.652569 ], [ -17.881918, 28.652609 ], [ -17.882053, 28.652624 ], [ -17.882056, 28.652737 ] ] ] } }
,
{ "type": "Feature", "properties": { "obj_type": "24-Other Civil Engineering Works", "name": "Plaza de la Glorieta", "info": "2412-Other sport and recreation constructions", "damage_gra": "No visible damage", "det_method": "Photo-interpretation", "notation": "Not Applicable", "or_src_id": 994, "dmg_src_id": 40, "cd_value": "Not Applicable" }, "geometry": { "type": "Polygon", "coordinates": [ [ [ -17.888617, 28.594905 ], [ -17.888649, 28.594904 ], [ -17.888680, 28.594908 ], [ -17.888706, 28.594923 ], [ -17.888827, 28.595076 ], [ -17.888543, 28.595241 ], [ -17.888433, 28.595100 ], [ -17.888430, 28.595082 ], [ -17.888434, 28.595065 ], [ -17.888443, 28.595046 ], [ -17.888597, 28.594910 ], [ -17.888617, 28.594905 ] ] ] } }
,
{ "type": "Feature", "properties": { "obj_type": "24-Other Civil Engineering Works", "name": "Parque Antonio Gómez Felipe", "info": "2412-Other sport and recreation constructions", "damage_gra": "No visible damage", "det_method": "Photo-interpretation", "notation": "Not Applicable", "or_src_id": 994, "dmg_src_id": 40, "cd_value": "Not Applicable" }, "geometry": { "type": "Polygon", "coordinates": [ [ [ -17.913734, 28.653697 ], [ -17.913779, 28.653659 ], [ -17.913866, 28.653660 ], [ -17.913921, 28.653690 ], [ -17.913734, 28.653697 ] ] ] } }

]
}
