{
"type": "FeatureCollection",
"features": [
{ "type": "Feature", "properties": { "obj_type": "22-Pipelines, Communication and Electricity Lines", "name": "Unknown", "info": "221-Long-distance pipelines, communication and electricity lines", "damage_gra": "No visible damage", "det_method": "Not Applicable", "notation": "Not Applicable", "or_src_id": 994, "dmg_src_id": 2, "cd_value": "Not Applicable" }, "geometry": { "type": "LineString", "coordinates": [ [ -17.895134, 28.594032 ], [ -17.895232, 28.593986 ], [ -17.895429, 28.593894 ], [ -17.895512, 28.593857 ], [ -17.895536, 28.593840 ] ] } }
,
{ "type": "Feature", "properties": { "obj_type": "22-Pipelines, Communication and Electricity Lines", "name": "Unknown", "info": "221-Long-distance pipelines, communication and electricity lines", "damage_gra": "No visible damage", "det_method": "Not Applicable", "notation": "Not Applicable", "or_src_id": 994, "dmg_src_id": 2, "cd_value": "Not Applicable" }, "geometry": { "type": "LineString", "coordinates": [ [ -17.901533, 28.595201 ], [ -17.901570, 28.595290 ], [ -17.901648, 28.595309 ], [ -17.901918, 28.595586 ], [ -17.902664, 28.596701 ], [ -17.902400, 28.596875 ] ] } }
,
{ "type": "Feature", "properties": { "obj_type": "22-Pipelines, Communication and Electricity Lines", "name": "Unknown", "info": "221-Long-distance pipelines, communication and electricity lines", "damage_gra": "No visible damage", "det_method": "Not Applicable", "notation": "Not Applicable", "or_src_id": 994, "dmg_src_id": 2, "cd_value": "Not Applicable" }, "geometry": { "type": "LineString", "coordinates": [ [ -17.901123, 28.594207 ], [ -17.901270, 28.594184 ], [ -17.901083, 28.593639 ], [ -17.900791, 28.593671 ], [ -17.900161, 28.593769 ], [ -17.900105, 28.593810 ], [ -17.899179, 28.594024 ], [ -17.898767, 28.593878 ], [ -17.898608, 28.593466 ], [ -17.898249, 28.593417 ], [ -17.898076, 28.593053 ], [ -17.898029, 28.592877 ], [ -17.897769, 28.592750 ], [ -17.897436, 28.592920 ], [ -17.897071, 28.592427 ], [ -17.896952, 28.592326 ], [ -17.896538, 28.592316 ], [ -17.896354, 28.591785 ] ] } }
,
{ "type": "Feature", "properties": { "obj_type": "22-Pipelines, Communication and Electricity Lines", "name": "Unknown", "info": "2214-Long-distance electricity lines", "damage_gra": "No visible damage", "det_method": "Not Applicable", "notation": "Not Applicable", "or_src_id": 994, "dmg_src_id": 2, "cd_value": "Not Applicable" }, "geometry": { "type": "LineString", "coordinates": [ [ -17.834201, 28.653108 ], [ -17.836611, 28.653690 ], [ -17.838608, 28.654177 ], [ -17.841457, 28.655238 ], [ -17.844153, 28.656229 ], [ -17.847538, 28.657464 ], [ -17.850647, 28.658646 ], [ -17.853684, 28.659749 ], [ -17.855691, 28.660488 ], [ -17.856380, 28.660742 ], [ -17.858333, 28.661465 ] ] } }
,
{ "type": "Feature", "properties": { "obj_type": "22-Pipelines, Communication and Electricity Lines", "name": "Unknown", "info": "2224-Local electricity and telecommunication cables", "damage_gra": "No visible damage", "det_method": "Not Applicable", "notation": "Not Applicable", "or_src_id": 994, "dmg_src_id": 2, "cd_value": "Not Applicable" }, "geometry": { "type": "LineString", "coordinates": [ [ -17.833326, 28.618897 ], [ -17.836675, 28.618930 ], [ -17.839162, 28.618922 ], [ -17.841843, 28.618985 ], [ -17.843545, 28.619003 ], [ -17.845953, 28.619055 ], [ -17.848447, 28.619059 ], [ -17.850488, 28.619071 ], [ -17.852735, 28.619094 ], [ -17.854714, 28.619079 ], [ -17.856864, 28.619062 ], [ -17.860226, 28.619114 ], [ -17.862076, 28.619143 ], [ -17.864932, 28.619906 ], [ -17.872451, 28.622131 ], [ -17.873132, 28.622280 ] ] } }
,
{ "type": "Feature", "properties": { "obj_type": "22-Pipelines, Communication and Electricity Lines", "name": "Unknown", "info": "2224-Local electricity and telecommunication cables", "damage_gra": "No visible damage", "det_method": "Not Applicable", "notation": "Not Applicable", "or_src_id": 994, "dmg_src_id": 2, "cd_value": "Not Applicable" }, "geometry": { "type": "LineString", "coordinates": [ [ -17.834034, 28.652207 ], [ -17.836004, 28.652761 ], [ -17.837010, 28.653039 ], [ -17.837461, 28.653203 ], [ -17.838775, 28.653559 ], [ -17.839968, 28.653869 ], [ -17.841205, 28.654208 ], [ -17.842200, 28.654484 ], [ -17.843538, 28.654896 ], [ -17.844515, 28.655157 ], [ -17.845226, 28.655378 ], [ -17.846264, 28.655665 ], [ -17.847513, 28.656040 ], [ -17.848914, 28.656407 ], [ -17.849536, 28.656607 ], [ -17.850284, 28.656828 ], [ -17.851789, 28.657193 ], [ -17.853948, 28.657852 ], [ -17.855209, 28.658184 ], [ -17.857430, 28.658805 ], [ -17.860441, 28.659666 ], [ -17.860906, 28.659799 ], [ -17.862043, 28.660124 ], [ -17.862965, 28.660381 ], [ -17.864072, 28.660689 ] ] } }
,
{ "type": "Feature", "properties": { "obj_type": "22-Pipelines, Communication and Electricity Lines", "name": "Unknown", "info": "2224-Local electricity and telecommunication cables", "damage_gra": "No visible damage", "det_method": "Not Applicable", "notation": "Not Applicable", "or_src_id": 994, "dmg_src_id": 2, "cd_value": "Not Applicable" }, "geometry": { "type": "LineString", "coordinates": [ [ -17.873132, 28.622280 ], [ -17.874195, 28.622572 ], [ -17.874613, 28.622731 ] ] } }
,
{ "type": "Feature", "properties": { "obj_type": "22-Pipelines, Communication and Electricity Lines", "name": "Unknown", "info": "2224-Local electricity and telecommunication cables", "damage_gra": "No visible damage", "det_method": "Not Applicable", "notation": "Not Applicable", "or_src_id": 994, "dmg_src_id": 2, "cd_value": "Not Applicable" }, "geometry": { "type": "LineString", "coordinates": [ [ -17.935773, 28.639516 ], [ -17.935676, 28.639301 ] ] } }

]
}
