{
"type": "FeatureCollection",
"features": [
{ "type": "Feature", "properties": { "obj_type": "Image Footprint", "or_src_id": 1 }, "geometry": { "type": "Polygon", "coordinates": [ [ [ -17.833065, 28.560510 ], [ -17.899381, 28.550688 ], [ -17.902117, 28.550926 ], [ -17.904179, 28.552354 ], [ -17.941216, 28.595928 ], [ -17.942327, 28.597356 ], [ -17.966429, 28.660725 ], [ -17.966667, 28.663628 ], [ -17.965001, 28.666151 ], [ -17.961908, 28.667578 ], [ -17.832216, 28.683541 ], [ -17.832261, 28.677100 ], [ -17.831620, 28.644229 ], [ -17.831937, 28.600510 ], [ -17.832895, 28.585091 ], [ -17.833065, 28.560510 ] ] ] } }
,
{ "type": "Feature", "properties": { "obj_type": "Image Footprint", "or_src_id": 20 }, "geometry": { "type": "Polygon", "coordinates": [ [ [ -17.964535, 28.674406 ], [ -17.844909, 28.655439 ], [ -17.865026, 28.566521 ], [ -17.982714, 28.585272 ], [ -17.964535, 28.674406 ] ] ] } }
,
{ "type": "Feature", "properties": { "obj_type": "Not Analysed - No data", "or_src_id": 20 }, "geometry": { "type": "Polygon", "coordinates": [ [ [ -17.834093, 28.589255 ], [ -17.860471, 28.586653 ], [ -17.845368, 28.653410 ], [ -17.832656, 28.644786 ], [ -17.834093, 28.589255 ] ] ] } }
,
{ "type": "Feature", "properties": { "obj_type": "Not Analysed - No data", "or_src_id": 20 }, "geometry": { "type": "Polygon", "coordinates": [ [ [ -17.881719, 28.553788 ], [ -17.892483, 28.552031 ], [ -17.892587, 28.553132 ], [ -17.907502, 28.573289 ], [ -17.878113, 28.568607 ], [ -17.879674, 28.554052 ], [ -17.881719, 28.553788 ] ] ] } }

]
}
