{
"type": "FeatureCollection",
"features": [
{ "type": "Feature", "properties": { "event_type": "2-Volcanic Activity", "obj_desc": "Vent", "det_method": "Photo-interpretation", "notation": "Not Applicable", "dmg_src_id": 3, "thick_mm": 0.000000 }, "geometry": { "type": "Point", "coordinates": [ -17.869331, 28.615763 ] } }
,
{ "type": "Feature", "properties": { "event_type": "2-Volcanic Activity", "obj_desc": "Vent", "det_method": "Photo-interpretation", "notation": "Not Applicable", "dmg_src_id": 3, "thick_mm": 0.000000 }, "geometry": { "type": "Point", "coordinates": [ -17.868765, 28.615600 ] } }
,
{ "type": "Feature", "properties": { "event_type": "2-Volcanic Activity", "obj_desc": "Vent", "det_method": "Photo-interpretation", "notation": "Not Applicable", "dmg_src_id": 3, "thick_mm": 0.000000 }, "geometry": { "type": "Point", "coordinates": [ -17.866855, 28.614209 ] } }

]
}
