{
"type": "FeatureCollection",
"features": [
{ "type": "Feature", "properties": { "obj_type": "BH141-Stream", "name": "Barranco de Los Hombres", "notation": "Not Applicable", "or_src_id": 994, "cd_value": "Not Applicable" }, "geometry": { "type": "LineString", "coordinates": [ [ -17.887089, 28.588258 ], [ -17.887283, 28.588326 ] ] } }
,
{ "type": "Feature", "properties": { "obj_type": "BH141-Stream", "name": "Unknown", "notation": "Not Applicable", "or_src_id": 994, "cd_value": "Not Applicable" }, "geometry": { "type": "LineString", "coordinates": [ [ -17.901560, 28.589366 ], [ -17.901680, 28.589370 ] ] } }
,
{ "type": "Feature", "properties": { "obj_type": "BH141-Stream", "name": "Barranco de las Palmas", "notation": "Not Applicable", "or_src_id": 994, "cd_value": "Not Applicable" }, "geometry": { "type": "LineString", "coordinates": [ [ -17.866211, 28.586081 ], [ -17.866618, 28.586194 ], [ -17.867098, 28.586290 ], [ -17.867397, 28.586363 ], [ -17.867645, 28.586500 ], [ -17.867953, 28.586685 ], [ -17.868388, 28.586948 ] ] } }
,
{ "type": "Feature", "properties": { "obj_type": "BH141-Stream", "name": "Barranco de las Palmas", "notation": "Not Applicable", "or_src_id": 994, "cd_value": "Not Applicable" }, "geometry": { "type": "LineString", "coordinates": [ [ -17.868388, 28.586948 ], [ -17.868573, 28.587026 ] ] } }
,
{ "type": "Feature", "properties": { "obj_type": "BH141-Stream", "name": "Barranco de Tenisca", "notation": "Not Applicable", "or_src_id": 994, "cd_value": "Not Applicable" }, "geometry": { "type": "LineString", "coordinates": [ [ -17.873879, 28.656450 ], [ -17.873937, 28.656451 ] ] } }
,
{ "type": "Feature", "properties": { "obj_type": "BH141-Stream", "name": "Barranco de Tenisca", "notation": "Not Applicable", "or_src_id": 994, "cd_value": "Not Applicable" }, "geometry": { "type": "LineString", "coordinates": [ [ -17.874120, 28.656455 ], [ -17.874251, 28.656422 ], [ -17.874493, 28.656422 ], [ -17.874573, 28.656519 ], [ -17.874702, 28.656744 ], [ -17.874792, 28.656799 ], [ -17.874858, 28.656782 ], [ -17.874890, 28.656713 ], [ -17.874898, 28.656634 ], [ -17.874885, 28.656510 ], [ -17.874875, 28.656393 ], [ -17.874873, 28.656300 ], [ -17.874883, 28.656207 ], [ -17.874911, 28.656121 ], [ -17.875024, 28.656026 ], [ -17.875125, 28.655967 ], [ -17.875306, 28.655887 ], [ -17.875492, 28.655834 ], [ -17.875555, 28.655834 ], [ -17.875608, 28.655808 ], [ -17.875691, 28.655819 ], [ -17.875771, 28.655832 ], [ -17.875774, 28.655863 ], [ -17.875824, 28.655865 ], [ -17.875965, 28.655861 ], [ -17.876104, 28.655839 ], [ -17.876262, 28.655790 ], [ -17.876318, 28.655735 ], [ -17.876413, 28.655662 ], [ -17.876511, 28.655593 ], [ -17.876559, 28.655585 ], [ -17.876839, 28.655609 ], [ -17.876947, 28.655626 ], [ -17.877093, 28.655646 ], [ -17.877166, 28.655649 ], [ -17.877244, 28.655589 ], [ -17.877309, 28.655476 ], [ -17.877382, 28.655419 ], [ -17.877488, 28.655384 ], [ -17.877586, 28.655350 ], [ -17.877674, 28.655379 ], [ -17.877823, 28.655395 ], [ -17.877886, 28.655401 ], [ -17.878047, 28.655337 ], [ -17.878271, 28.655408 ], [ -17.878434, 28.655428 ], [ -17.878613, 28.655370 ], [ -17.878764, 28.655297 ], [ -17.878905, 28.655266 ], [ -17.879081, 28.655251 ], [ -17.879225, 28.655258 ], [ -17.879373, 28.655377 ], [ -17.879504, 28.655386 ] ] } }
,
{ "type": "Feature", "properties": { "obj_type": "BH141-Stream", "name": "Barranco de Tenisca", "notation": "Not Applicable", "or_src_id": 994, "cd_value": "Not Applicable" }, "geometry": { "type": "LineString", "coordinates": [ [ -17.874072, 28.656454 ], [ -17.874120, 28.656455 ] ] } }
,
{ "type": "Feature", "properties": { "obj_type": "BH141-Stream", "name": "Barranco de Tenisca", "notation": "Not Applicable", "or_src_id": 994, "cd_value": "Not Applicable" }, "geometry": { "type": "LineString", "coordinates": [ [ -17.873937, 28.656451 ], [ -17.874072, 28.656454 ] ] } }
,
{ "type": "Feature", "properties": { "obj_type": "BH141-Stream", "name": "Barranco de Tenisca", "notation": "Not Applicable", "or_src_id": 994, "cd_value": "Not Applicable" }, "geometry": { "type": "LineString", "coordinates": [ [ -17.879504, 28.655386 ], [ -17.879583, 28.655374 ] ] } }
,
{ "type": "Feature", "properties": { "obj_type": "BH141-Stream", "name": "Barranco de Tenisca", "notation": "Not Applicable", "or_src_id": 994, "cd_value": "Not Applicable" }, "geometry": { "type": "LineString", "coordinates": [ [ -17.880128, 28.655331 ], [ -17.880236, 28.655357 ], [ -17.880334, 28.655456 ], [ -17.880553, 28.655536 ], [ -17.880619, 28.655660 ], [ -17.880702, 28.655704 ], [ -17.880760, 28.655757 ], [ -17.880863, 28.655774 ], [ -17.880964, 28.655763 ], [ -17.881085, 28.655739 ], [ -17.881163, 28.655686 ], [ -17.881238, 28.655618 ], [ -17.881389, 28.655589 ], [ -17.881497, 28.655664 ], [ -17.881671, 28.655803 ], [ -17.881824, 28.655834 ], [ -17.881945, 28.655830 ], [ -17.882147, 28.655810 ], [ -17.882215, 28.655832 ], [ -17.882299, 28.655931 ], [ -17.882328, 28.655967 ], [ -17.882617, 28.655942 ], [ -17.882814, 28.655936 ], [ -17.882929, 28.655927 ], [ -17.883186, 28.655894 ], [ -17.883528, 28.655896 ], [ -17.883891, 28.655958 ], [ -17.884085, 28.655984 ], [ -17.884175, 28.656046 ], [ -17.884349, 28.656278 ], [ -17.884457, 28.656435 ], [ -17.884578, 28.656567 ], [ -17.884748, 28.656801 ] ] } }
,
{ "type": "Feature", "properties": { "obj_type": "BH141-Stream", "name": "Barranco de Tenisca", "notation": "Not Applicable", "or_src_id": 994, "cd_value": "Not Applicable" }, "geometry": { "type": "LineString", "coordinates": [ [ -17.880117, 28.655332 ], [ -17.880128, 28.655331 ] ] } }
,
{ "type": "Feature", "properties": { "obj_type": "BH141-Stream", "name": "Barranco de Tenisca", "notation": "Not Applicable", "or_src_id": 994, "cd_value": "Not Applicable" }, "geometry": { "type": "LineString", "coordinates": [ [ -17.879583, 28.655374 ], [ -17.880117, 28.655332 ] ] } }
,
{ "type": "Feature", "properties": { "obj_type": "BH141-Stream", "name": "Barranco de Tenisca", "notation": "Not Applicable", "or_src_id": 994, "cd_value": "Not Applicable" }, "geometry": { "type": "LineString", "coordinates": [ [ -17.884748, 28.656801 ], [ -17.884787, 28.656860 ] ] } }
,
{ "type": "Feature", "properties": { "obj_type": "BH141-Stream", "name": "Barranco de Tenisca", "notation": "Not Applicable", "or_src_id": 994, "cd_value": "Not Applicable" }, "geometry": { "type": "LineString", "coordinates": [ [ -17.884787, 28.656860 ], [ -17.884799, 28.656874 ] ] } }
,
{ "type": "Feature", "properties": { "obj_type": "BH141-Stream", "name": "Unknown", "notation": "Not Applicable", "or_src_id": 994, "cd_value": "Not Applicable" }, "geometry": { "type": "LineString", "coordinates": [ [ -17.914533, 28.653861 ], [ -17.915241, 28.653530 ], [ -17.916703, 28.653182 ], [ -17.917238, 28.653064 ] ] } }
,
{ "type": "Feature", "properties": { "obj_type": "BH141-Stream", "name": "Barranco de Tenisca", "notation": "Not Applicable", "or_src_id": 994, "cd_value": "Not Applicable" }, "geometry": { "type": "LineString", "coordinates": [ [ -17.870277, 28.654807 ], [ -17.870262, 28.654781 ], [ -17.870277, 28.654745 ], [ -17.870297, 28.654683 ], [ -17.870317, 28.654652 ], [ -17.870373, 28.654637 ], [ -17.870441, 28.654617 ], [ -17.870491, 28.654595 ], [ -17.870572, 28.654615 ], [ -17.870637, 28.654664 ], [ -17.870692, 28.654677 ], [ -17.870753, 28.654666 ], [ -17.870843, 28.654699 ], [ -17.870891, 28.654717 ], [ -17.870967, 28.654699 ], [ -17.871035, 28.654703 ], [ -17.871148, 28.654697 ], [ -17.871203, 28.654703 ], [ -17.871354, 28.654717 ], [ -17.871412, 28.654745 ], [ -17.871483, 28.654807 ], [ -17.871538, 28.654880 ], [ -17.871505, 28.655035 ], [ -17.871518, 28.655066 ], [ -17.871566, 28.655057 ], [ -17.871639, 28.655070 ], [ -17.871765, 28.655105 ], [ -17.871893, 28.655119 ], [ -17.872059, 28.655147 ], [ -17.872218, 28.655202 ], [ -17.872311, 28.655275 ], [ -17.872424, 28.655403 ], [ -17.872459, 28.655562 ], [ -17.872530, 28.655786 ], [ -17.872537, 28.655971 ], [ -17.872497, 28.656121 ], [ -17.872439, 28.656238 ], [ -17.872464, 28.656307 ], [ -17.872552, 28.656371 ], [ -17.872663, 28.656415 ], [ -17.872784, 28.656441 ], [ -17.872905, 28.656466 ], [ -17.873073, 28.656494 ], [ -17.873202, 28.656508 ], [ -17.873572, 28.656483 ], [ -17.873879, 28.656450 ] ] } }
,
{ "type": "Feature", "properties": { "obj_type": "BH141-Stream", "name": "Unknown", "notation": "Not Applicable", "or_src_id": 994, "cd_value": "Not Applicable" }, "geometry": { "type": "LineString", "coordinates": [ [ -17.890382, 28.588845 ], [ -17.890474, 28.588859 ] ] } }
,
{ "type": "Feature", "properties": { "obj_type": "BH141-Stream", "name": "Barranco de Los Hombres", "notation": "Not Applicable", "or_src_id": 994, "cd_value": "Not Applicable" }, "geometry": { "type": "LineString", "coordinates": [ [ -17.890474, 28.588859 ], [ -17.890609, 28.588913 ], [ -17.890723, 28.588918 ], [ -17.890999, 28.588900 ], [ -17.891110, 28.588850 ], [ -17.891171, 28.588822 ], [ -17.891869, 28.588321 ], [ -17.892463, 28.588158 ], [ -17.892533, 28.588138 ], [ -17.892801, 28.588085 ], [ -17.892894, 28.588073 ], [ -17.893081, 28.588050 ], [ -17.893151, 28.588042 ], [ -17.893206, 28.588053 ] ] } }
,
{ "type": "Feature", "properties": { "obj_type": "BH141-Stream", "name": "Unknown", "notation": "Not Applicable", "or_src_id": 994, "cd_value": "Not Applicable" }, "geometry": { "type": "LineString", "coordinates": [ [ -17.901680, 28.589370 ], [ -17.901942, 28.589378 ], [ -17.902237, 28.589270 ], [ -17.902423, 28.589251 ], [ -17.902564, 28.589146 ], [ -17.902630, 28.588944 ], [ -17.902818, 28.588865 ], [ -17.902913, 28.588842 ], [ -17.903116, 28.588846 ], [ -17.903332, 28.588849 ], [ -17.903740, 28.588901 ], [ -17.904128, 28.588912 ], [ -17.904567, 28.588796 ], [ -17.904890, 28.588715 ], [ -17.905510, 28.588428 ], [ -17.905807, 28.588400 ], [ -17.905982, 28.588242 ], [ -17.906191, 28.588198 ] ] } }
,
{ "type": "Feature", "properties": { "obj_type": "BH141-Stream", "name": "Barranco de Los Hombres", "notation": "Not Applicable", "or_src_id": 994, "cd_value": "Not Applicable" }, "geometry": { "type": "LineString", "coordinates": [ [ -17.887730, 28.588478 ], [ -17.887868, 28.588615 ], [ -17.888317, 28.588796 ], [ -17.888496, 28.588846 ], [ -17.888629, 28.588898 ], [ -17.888936, 28.588949 ], [ -17.889127, 28.588938 ], [ -17.889319, 28.588939 ], [ -17.889371, 28.588937 ], [ -17.889436, 28.588941 ], [ -17.889541, 28.588982 ], [ -17.889629, 28.588996 ], [ -17.889734, 28.588985 ], [ -17.889855, 28.588952 ], [ -17.889986, 28.588922 ], [ -17.890040, 28.588899 ], [ -17.890284, 28.588860 ], [ -17.890324, 28.588860 ], [ -17.890382, 28.588845 ] ] } }
,
{ "type": "Feature", "properties": { "obj_type": "BH141-Stream", "name": "Barranco de Los Hombres", "notation": "Not Applicable", "or_src_id": 994, "cd_value": "Not Applicable" }, "geometry": { "type": "LineString", "coordinates": [ [ -17.897614, 28.588418 ], [ -17.897762, 28.588527 ], [ -17.897938, 28.588649 ], [ -17.898027, 28.588761 ], [ -17.898091, 28.588934 ], [ -17.898286, 28.589002 ], [ -17.898540, 28.589060 ], [ -17.898827, 28.589159 ], [ -17.899352, 28.589408 ], [ -17.899643, 28.589439 ], [ -17.899741, 28.589450 ], [ -17.899893, 28.589468 ], [ -17.900132, 28.589448 ], [ -17.900504, 28.589389 ], [ -17.900710, 28.589363 ], [ -17.900902, 28.589373 ], [ -17.901316, 28.589385 ], [ -17.901560, 28.589366 ] ] } }
,
{ "type": "Feature", "properties": { "obj_type": "BH141-Stream", "name": "Barranco de Los Hombres", "notation": "Not Applicable", "or_src_id": 994, "cd_value": "Not Applicable" }, "geometry": { "type": "LineString", "coordinates": [ [ -17.887283, 28.588326 ], [ -17.887505, 28.588396 ], [ -17.887662, 28.588443 ] ] } }
,
{ "type": "Feature", "properties": { "obj_type": "BH141-Stream", "name": "Barranco de Los Hombres", "notation": "Not Applicable", "or_src_id": 994, "cd_value": "Not Applicable" }, "geometry": { "type": "LineString", "coordinates": [ [ -17.887662, 28.588443 ], [ -17.887730, 28.588478 ] ] } }
,
{ "type": "Feature", "properties": { "obj_type": "BH141-Stream", "name": "Barranco de Los Hombres", "notation": "Not Applicable", "or_src_id": 994, "cd_value": "Not Applicable" }, "geometry": { "type": "LineString", "coordinates": [ [ -17.893272, 28.588066 ], [ -17.893371, 28.588085 ], [ -17.893415, 28.588083 ], [ -17.893758, 28.588063 ], [ -17.894243, 28.588268 ], [ -17.894564, 28.588339 ], [ -17.894699, 28.588373 ], [ -17.894898, 28.588415 ], [ -17.895176, 28.588427 ], [ -17.895605, 28.588279 ], [ -17.895807, 28.588158 ], [ -17.895964, 28.588078 ], [ -17.896002, 28.588059 ], [ -17.896261, 28.587993 ], [ -17.896640, 28.588022 ], [ -17.897024, 28.588124 ], [ -17.897283, 28.588217 ], [ -17.897488, 28.588334 ] ] } }
,
{ "type": "Feature", "properties": { "obj_type": "BH141-Stream", "name": "Unknown", "notation": "Not Applicable", "or_src_id": 994, "cd_value": "Not Applicable" }, "geometry": { "type": "LineString", "coordinates": [ [ -17.897488, 28.588334 ], [ -17.897614, 28.588418 ] ] } }
,
{ "type": "Feature", "properties": { "obj_type": "BH141-Stream", "name": "Barranco de Los Hombres", "notation": "Not Applicable", "or_src_id": 994, "cd_value": "Not Applicable" }, "geometry": { "type": "LineString", "coordinates": [ [ -17.893206, 28.588053 ], [ -17.893272, 28.588066 ] ] } }
,
{ "type": "Feature", "properties": { "obj_type": "BH141-Stream", "name": "Barranco de Los Hombres", "notation": "Not Applicable", "or_src_id": 994, "cd_value": "Not Applicable" }, "geometry": { "type": "LineString", "coordinates": [ [ -17.879505, 28.586785 ], [ -17.879666, 28.586768 ], [ -17.879795, 28.586808 ], [ -17.879954, 28.586890 ], [ -17.880095, 28.586952 ], [ -17.880161, 28.586987 ], [ -17.880434, 28.586975 ], [ -17.880752, 28.586984 ], [ -17.880786, 28.586983 ], [ -17.881111, 28.586976 ], [ -17.881501, 28.586956 ], [ -17.881857, 28.586898 ], [ -17.882102, 28.586915 ], [ -17.882415, 28.586961 ], [ -17.882751, 28.587081 ], [ -17.883156, 28.587242 ], [ -17.883529, 28.587386 ], [ -17.883825, 28.587500 ], [ -17.884220, 28.587519 ], [ -17.884280, 28.587508 ], [ -17.884626, 28.587460 ], [ -17.885090, 28.587555 ], [ -17.885331, 28.587646 ], [ -17.885687, 28.587921 ], [ -17.885949, 28.587928 ], [ -17.886063, 28.587931 ], [ -17.886303, 28.587929 ], [ -17.886528, 28.588011 ], [ -17.886742, 28.588095 ], [ -17.886849, 28.588137 ], [ -17.887089, 28.588258 ] ] } }
,
{ "type": "Feature", "properties": { "obj_type": "BH141-Stream", "name": "Barranco de las Palmas", "notation": "Not Applicable", "or_src_id": 994, "cd_value": "Not Applicable" }, "geometry": { "type": "LineString", "coordinates": [ [ -17.868573, 28.587026 ], [ -17.869330, 28.587319 ], [ -17.869631, 28.587372 ], [ -17.870098, 28.587361 ], [ -17.870360, 28.587509 ], [ -17.870649, 28.587546 ], [ -17.871104, 28.587537 ], [ -17.871445, 28.587521 ], [ -17.871751, 28.587472 ], [ -17.871966, 28.587439 ], [ -17.872406, 28.587400 ], [ -17.872698, 28.587326 ], [ -17.873075, 28.587296 ], [ -17.873320, 28.587349 ], [ -17.873734, 28.587354 ], [ -17.873911, 28.587336 ], [ -17.873994, 28.587433 ], [ -17.874079, 28.587558 ], [ -17.874199, 28.587641 ], [ -17.874296, 28.587820 ], [ -17.874558, 28.588018 ], [ -17.874731, 28.588141 ], [ -17.875186, 28.588215 ], [ -17.875534, 28.588037 ], [ -17.875799, 28.587972 ], [ -17.876055, 28.587794 ], [ -17.876302, 28.587558 ], [ -17.876572, 28.587391 ], [ -17.876932, 28.587228 ], [ -17.877275, 28.587141 ], [ -17.877407, 28.587143 ], [ -17.877738, 28.587136 ], [ -17.878038, 28.587212 ], [ -17.878284, 28.587251 ], [ -17.878457, 28.587229 ], [ -17.878585, 28.587180 ], [ -17.878731, 28.587141 ], [ -17.878863, 28.587041 ], [ -17.879108, 28.586940 ], [ -17.879298, 28.586853 ], [ -17.879505, 28.586785 ] ] } }
,
{ "type": "Feature", "properties": { "obj_type": "BH141-Stream", "name": "Barrabco de Tenisce", "notation": "Not Applicable", "or_src_id": 994, "cd_value": "Not Applicable" }, "geometry": { "type": "LineString", "coordinates": [ [ -17.867966, 28.657536 ], [ -17.868132, 28.657584 ], [ -17.868255, 28.657582 ], [ -17.868419, 28.657560 ], [ -17.868612, 28.657511 ], [ -17.868811, 28.657434 ], [ -17.869013, 28.657379 ], [ -17.869111, 28.657326 ], [ -17.869234, 28.657198 ], [ -17.869315, 28.657081 ], [ -17.869378, 28.656953 ], [ -17.869425, 28.656869 ], [ -17.869516, 28.656657 ], [ -17.869586, 28.656529 ], [ -17.869632, 28.656438 ], [ -17.869667, 28.656405 ], [ -17.869720, 28.656358 ], [ -17.869760, 28.656279 ], [ -17.869795, 28.656193 ], [ -17.869803, 28.656098 ], [ -17.869805, 28.655992 ], [ -17.869800, 28.655873 ], [ -17.869798, 28.655789 ], [ -17.869823, 28.655722 ], [ -17.869896, 28.655652 ], [ -17.869961, 28.655579 ], [ -17.870072, 28.655433 ], [ -17.870145, 28.655325 ], [ -17.870221, 28.655188 ], [ -17.870311, 28.655009 ], [ -17.870331, 28.654954 ] ] } }
,
{ "type": "Feature", "properties": { "obj_type": "BH141-Stream", "name": "Barranco de Tenisca", "notation": "Not Applicable", "or_src_id": 994, "cd_value": "Not Applicable" }, "geometry": { "type": "LineString", "coordinates": [ [ -17.870331, 28.654954 ], [ -17.870302, 28.654876 ] ] } }
,
{ "type": "Feature", "properties": { "obj_type": "BH141-Stream", "name": "Barranco de Tenisca", "notation": "Not Applicable", "or_src_id": 994, "cd_value": "Not Applicable" }, "geometry": { "type": "LineString", "coordinates": [ [ -17.870302, 28.654876 ], [ -17.870277, 28.654807 ] ] } }
,
{ "type": "Feature", "properties": { "obj_type": "BH141-Stream", "name": "Unknown", "notation": "Not Applicable", "or_src_id": 994, "cd_value": "Not Applicable" }, "geometry": { "type": "LineString", "coordinates": [ [ -17.885638, 28.594462 ], [ -17.885739, 28.594434 ], [ -17.885873, 28.594394 ], [ -17.885981, 28.594373 ], [ -17.886113, 28.594343 ], [ -17.886400, 28.594350 ], [ -17.886477, 28.594339 ], [ -17.886873, 28.594285 ], [ -17.887192, 28.594213 ], [ -17.887275, 28.594194 ], [ -17.887387, 28.594155 ], [ -17.887452, 28.594117 ], [ -17.887538, 28.594079 ], [ -17.887591, 28.594044 ], [ -17.887675, 28.594026 ], [ -17.887820, 28.593982 ], [ -17.887857, 28.593983 ] ] } }
,
{ "type": "Feature", "properties": { "obj_type": "BH141-Stream", "name": "Unknown", "notation": "Not Applicable", "or_src_id": 994, "cd_value": "Not Applicable" }, "geometry": { "type": "LineString", "coordinates": [ [ -17.887857, 28.593983 ], [ -17.888019, 28.593983 ] ] } }
,
{ "type": "Feature", "properties": { "obj_type": "BH141-Stream", "name": "Unknown", "notation": "Not Applicable", "or_src_id": 994, "cd_value": "Not Applicable" }, "geometry": { "type": "LineString", "coordinates": [ [ -17.892672, 28.592244 ], [ -17.893051, 28.592274 ] ] } }
,
{ "type": "Feature", "properties": { "obj_type": "BH141-Stream", "name": "Unknown", "notation": "Not Applicable", "or_src_id": 994, "cd_value": "Not Applicable" }, "geometry": { "type": "LineString", "coordinates": [ [ -17.888019, 28.593983 ], [ -17.888045, 28.593987 ], [ -17.888186, 28.593985 ], [ -17.888432, 28.593979 ], [ -17.888592, 28.593999 ], [ -17.888733, 28.594017 ], [ -17.888865, 28.594011 ], [ -17.888985, 28.593992 ], [ -17.889063, 28.593993 ], [ -17.889265, 28.593928 ], [ -17.889330, 28.593881 ], [ -17.889406, 28.593813 ], [ -17.889458, 28.593762 ], [ -17.889619, 28.593678 ], [ -17.889709, 28.593583 ], [ -17.889805, 28.593491 ], [ -17.889879, 28.593407 ], [ -17.889918, 28.593329 ], [ -17.889949, 28.593214 ], [ -17.889963, 28.593131 ], [ -17.889951, 28.592875 ], [ -17.889915, 28.592689 ], [ -17.889922, 28.592488 ], [ -17.889913, 28.592388 ], [ -17.889954, 28.592203 ], [ -17.890057, 28.592132 ], [ -17.890269, 28.592110 ], [ -17.890573, 28.592054 ], [ -17.890858, 28.591972 ], [ -17.891048, 28.591924 ], [ -17.891374, 28.591989 ], [ -17.891499, 28.591927 ], [ -17.891665, 28.591878 ], [ -17.891964, 28.591865 ], [ -17.892233, 28.591819 ], [ -17.892352, 28.591922 ], [ -17.892453, 28.592057 ], [ -17.892672, 28.592244 ] ] } }
,
{ "type": "Feature", "properties": { "obj_type": "BH141-Stream", "name": "Unknown", "notation": "Not Applicable", "or_src_id": 994, "cd_value": "Not Applicable" }, "geometry": { "type": "LineString", "coordinates": [ [ -17.908191, 28.587754 ], [ -17.908378, 28.587525 ], [ -17.908656, 28.587129 ], [ -17.908796, 28.586929 ], [ -17.908908, 28.586794 ], [ -17.908949, 28.586747 ], [ -17.909112, 28.586664 ] ] } }
,
{ "type": "Feature", "properties": { "obj_type": "BH141-Stream", "name": "Unknown", "notation": "Not Applicable", "or_src_id": 994, "cd_value": "Not Applicable" }, "geometry": { "type": "LineString", "coordinates": [ [ -17.896892, 28.607447 ], [ -17.896944, 28.607340 ] ] } }
,
{ "type": "Feature", "properties": { "obj_type": "BH141-Stream", "name": "Unknown", "notation": "Not Applicable", "or_src_id": 994, "cd_value": "Not Applicable" }, "geometry": { "type": "LineString", "coordinates": [ [ -17.897135, 28.609266 ], [ -17.896943, 28.609174 ], [ -17.896799, 28.609020 ], [ -17.896778, 28.608776 ], [ -17.896843, 28.608550 ], [ -17.896925, 28.608190 ], [ -17.896986, 28.608058 ], [ -17.897014, 28.608008 ], [ -17.897012, 28.607936 ], [ -17.896986, 28.607874 ], [ -17.896870, 28.607732 ], [ -17.896892, 28.607447 ] ] } }
,
{ "type": "Feature", "properties": { "obj_type": "BH141-Stream", "name": "Unknown", "notation": "Not Applicable", "or_src_id": 994, "cd_value": "Not Applicable" }, "geometry": { "type": "LineString", "coordinates": [ [ -17.897145, 28.609440 ], [ -17.897135, 28.609266 ] ] } }
,
{ "type": "Feature", "properties": { "obj_type": "BH141-Stream", "name": "Unknown", "notation": "Not Applicable", "or_src_id": 994, "cd_value": "Not Applicable" }, "geometry": { "type": "LineString", "coordinates": [ [ -17.897500, 28.609874 ], [ -17.897423, 28.609616 ], [ -17.897390, 28.609573 ], [ -17.897145, 28.609440 ] ] } }
,
{ "type": "Feature", "properties": { "obj_type": "BH141-Stream", "name": "Unknown", "notation": "Not Applicable", "or_src_id": 994, "cd_value": "Not Applicable" }, "geometry": { "type": "LineString", "coordinates": [ [ -17.897660, 28.611320 ], [ -17.897905, 28.611317 ], [ -17.897891, 28.611087 ], [ -17.897828, 28.610825 ], [ -17.897734, 28.610630 ], [ -17.897622, 28.610317 ], [ -17.897500, 28.609874 ] ] } }
,
{ "type": "Feature", "properties": { "obj_type": "BH141-Stream", "name": "Unknown", "notation": "Not Applicable", "or_src_id": 994, "cd_value": "Not Applicable" }, "geometry": { "type": "LineString", "coordinates": [ [ -17.897362, 28.611688 ], [ -17.897538, 28.611303 ], [ -17.897660, 28.611320 ] ] } }
,
{ "type": "Feature", "properties": { "obj_type": "BH141-Stream", "name": "Unknown", "notation": "Not Applicable", "or_src_id": 994, "cd_value": "Not Applicable" }, "geometry": { "type": "LineString", "coordinates": [ [ -17.897533, 28.613166 ], [ -17.897531, 28.613122 ], [ -17.897545, 28.613081 ], [ -17.897556, 28.613010 ], [ -17.897463, 28.612837 ], [ -17.897477, 28.612771 ], [ -17.897620, 28.612571 ], [ -17.897566, 28.612331 ], [ -17.897549, 28.612153 ], [ -17.897528, 28.612067 ], [ -17.897493, 28.612010 ], [ -17.897343, 28.611946 ], [ -17.897309, 28.611892 ], [ -17.897301, 28.611840 ], [ -17.897362, 28.611688 ] ] } }
,
{ "type": "Feature", "properties": { "obj_type": "BH141-Stream", "name": "Unknown", "notation": "Not Applicable", "or_src_id": 994, "cd_value": "Not Applicable" }, "geometry": { "type": "LineString", "coordinates": [ [ -17.897535, 28.613218 ], [ -17.897533, 28.613166 ] ] } }
,
{ "type": "Feature", "properties": { "obj_type": "BH141-Stream", "name": "Unknown", "notation": "Not Applicable", "or_src_id": 994, "cd_value": "Not Applicable" }, "geometry": { "type": "LineString", "coordinates": [ [ -17.897543, 28.613248 ], [ -17.897535, 28.613218 ] ] } }
,
{ "type": "Feature", "properties": { "obj_type": "BH141-Stream", "name": "Unknown", "notation": "Not Applicable", "or_src_id": 994, "cd_value": "Not Applicable" }, "geometry": { "type": "LineString", "coordinates": [ [ -17.897561, 28.613419 ], [ -17.897543, 28.613248 ] ] } }
,
{ "type": "Feature", "properties": { "obj_type": "BH141-Stream", "name": "Unknown", "notation": "Not Applicable", "or_src_id": 994, "cd_value": "Not Applicable" }, "geometry": { "type": "LineString", "coordinates": [ [ -17.897568, 28.613907 ], [ -17.897578, 28.613633 ], [ -17.897561, 28.613419 ] ] } }
,
{ "type": "Feature", "properties": { "obj_type": "BH141-Stream", "name": "Unknown", "notation": "Not Applicable", "or_src_id": 994, "cd_value": "Not Applicable" }, "geometry": { "type": "LineString", "coordinates": [ [ -17.898001, 28.615123 ], [ -17.897910, 28.614752 ], [ -17.897790, 28.614505 ], [ -17.897653, 28.614386 ], [ -17.897584, 28.614050 ], [ -17.897584, 28.613978 ], [ -17.897568, 28.613907 ] ] } }
,
{ "type": "Feature", "properties": { "obj_type": "BH141-Stream", "name": "Unknown", "notation": "Not Applicable", "or_src_id": 994, "cd_value": "Not Applicable" }, "geometry": { "type": "LineString", "coordinates": [ [ -17.898085, 28.615399 ], [ -17.898081, 28.615330 ], [ -17.898001, 28.615123 ] ] } }
,
{ "type": "Feature", "properties": { "obj_type": "BH141-Stream", "name": "Unknown", "notation": "Not Applicable", "or_src_id": 994, "cd_value": "Not Applicable" }, "geometry": { "type": "LineString", "coordinates": [ [ -17.898038, 28.615464 ], [ -17.898062, 28.615439 ], [ -17.898085, 28.615399 ] ] } }
,
{ "type": "Feature", "properties": { "obj_type": "BH141-Stream", "name": "Unknown", "notation": "Not Applicable", "or_src_id": 994, "cd_value": "Not Applicable" }, "geometry": { "type": "LineString", "coordinates": [ [ -17.897395, 28.616230 ], [ -17.897662, 28.615973 ], [ -17.897713, 28.615887 ], [ -17.897723, 28.615780 ], [ -17.897750, 28.615677 ], [ -17.897781, 28.615623 ], [ -17.898038, 28.615464 ] ] } }
,
{ "type": "Feature", "properties": { "obj_type": "BH141-Stream", "name": "Unknown", "notation": "Not Applicable", "or_src_id": 994, "cd_value": "Not Applicable" }, "geometry": { "type": "LineString", "coordinates": [ [ -17.897051, 28.616404 ], [ -17.897117, 28.616352 ], [ -17.897315, 28.616269 ] ] } }
,
{ "type": "Feature", "properties": { "obj_type": "BH141-Stream", "name": "Unknown", "notation": "Not Applicable", "or_src_id": 994, "cd_value": "Not Applicable" }, "geometry": { "type": "LineString", "coordinates": [ [ -17.897378, 28.617160 ], [ -17.897135, 28.616727 ] ] } }
,
{ "type": "Feature", "properties": { "obj_type": "BH141-Stream", "name": "Unknown", "notation": "Not Applicable", "or_src_id": 994, "cd_value": "Not Applicable" }, "geometry": { "type": "LineString", "coordinates": [ [ -17.896271, 28.618494 ], [ -17.896265, 28.618411 ] ] } }
,
{ "type": "Feature", "properties": { "obj_type": "BH141-Stream", "name": "Unknown", "notation": "Not Applicable", "or_src_id": 994, "cd_value": "Not Applicable" }, "geometry": { "type": "LineString", "coordinates": [ [ -17.897094, 28.617552 ], [ -17.897252, 28.617366 ], [ -17.897336, 28.617267 ], [ -17.897378, 28.617160 ] ] } }
,
{ "type": "Feature", "properties": { "obj_type": "BH141-Stream", "name": "Unknown", "notation": "Not Applicable", "or_src_id": 994, "cd_value": "Not Applicable" }, "geometry": { "type": "LineString", "coordinates": [ [ -17.896265, 28.618411 ], [ -17.896295, 28.618038 ], [ -17.896323, 28.617871 ], [ -17.896358, 28.617827 ], [ -17.896425, 28.617822 ], [ -17.896611, 28.617839 ], [ -17.896916, 28.617799 ], [ -17.896953, 28.617776 ], [ -17.897094, 28.617552 ] ] } }
,
{ "type": "Feature", "properties": { "obj_type": "BH141-Stream", "name": "Unknown", "notation": "Not Applicable", "or_src_id": 994, "cd_value": "Not Applicable" }, "geometry": { "type": "LineString", "coordinates": [ [ -17.897278, 28.620650 ], [ -17.897265, 28.620593 ], [ -17.897245, 28.620558 ], [ -17.897176, 28.620321 ], [ -17.897039, 28.620041 ], [ -17.896773, 28.619773 ], [ -17.896726, 28.619703 ], [ -17.896672, 28.619612 ], [ -17.896669, 28.619560 ], [ -17.896717, 28.619496 ], [ -17.896708, 28.619429 ], [ -17.896620, 28.619256 ], [ -17.896446, 28.619061 ], [ -17.896308, 28.618707 ], [ -17.896271, 28.618494 ] ] } }
,
{ "type": "Feature", "properties": { "obj_type": "BH141-Stream", "name": "Unknown", "notation": "Not Applicable", "or_src_id": 994, "cd_value": "Not Applicable" }, "geometry": { "type": "LineString", "coordinates": [ [ -17.897267, 28.620879 ], [ -17.897278, 28.620650 ] ] } }
,
{ "type": "Feature", "properties": { "obj_type": "BH141-Stream", "name": "Unknown", "notation": "Not Applicable", "or_src_id": 994, "cd_value": "Not Applicable" }, "geometry": { "type": "LineString", "coordinates": [ [ -17.897413, 28.622210 ], [ -17.897417, 28.622119 ], [ -17.897415, 28.622045 ], [ -17.897367, 28.621839 ], [ -17.897330, 28.621648 ], [ -17.897305, 28.621287 ], [ -17.897267, 28.620879 ] ] } }
,
{ "type": "Feature", "properties": { "obj_type": "BH141-Stream", "name": "Unknown", "notation": "Not Applicable", "or_src_id": 994, "cd_value": "Not Applicable" }, "geometry": { "type": "LineString", "coordinates": [ [ -17.906191, 28.588198 ], [ -17.906437, 28.588184 ], [ -17.906641, 28.588121 ], [ -17.906900, 28.587996 ], [ -17.907015, 28.587973 ], [ -17.907234, 28.587978 ], [ -17.907489, 28.588013 ], [ -17.907661, 28.588036 ], [ -17.907852, 28.588001 ], [ -17.908095, 28.587842 ], [ -17.908191, 28.587754 ] ] } }
,
{ "type": "Feature", "properties": { "obj_type": "BH141-Stream", "name": "Unknown", "notation": "Not Applicable", "or_src_id": 994, "cd_value": "Not Applicable" }, "geometry": { "type": "LineString", "coordinates": [ [ -17.909112, 28.586664 ], [ -17.910365, 28.586184 ] ] } }
,
{ "type": "Feature", "properties": { "obj_type": "BH141-Stream", "name": "Unknown", "notation": "Not Applicable", "or_src_id": 994, "cd_value": "Not Applicable" }, "geometry": { "type": "LineString", "coordinates": [ [ -17.910365, 28.586184 ], [ -17.910784, 28.586006 ] ] } }
,
{ "type": "Feature", "properties": { "obj_type": "BH141-Stream", "name": "Unknown", "notation": "Not Applicable", "or_src_id": 994, "cd_value": "Not Applicable" }, "geometry": { "type": "LineString", "coordinates": [ [ -17.897176, 28.603921 ], [ -17.897189, 28.603787 ] ] } }
,
{ "type": "Feature", "properties": { "obj_type": "BH141-Stream", "name": "Unknown", "notation": "Not Applicable", "or_src_id": 994, "cd_value": "Not Applicable" }, "geometry": { "type": "LineString", "coordinates": [ [ -17.897189, 28.603787 ], [ -17.897335, 28.603313 ], [ -17.897384, 28.603156 ], [ -17.897385, 28.603122 ] ] } }
,
{ "type": "Feature", "properties": { "obj_type": "BH141-Stream", "name": "Unknown", "notation": "Not Applicable", "or_src_id": 994, "cd_value": "Not Applicable" }, "geometry": { "type": "LineString", "coordinates": [ [ -17.896944, 28.607340 ], [ -17.897038, 28.607214 ], [ -17.897093, 28.607132 ], [ -17.897149, 28.607018 ], [ -17.897181, 28.606902 ], [ -17.897181, 28.606599 ], [ -17.897163, 28.606476 ], [ -17.897132, 28.606215 ], [ -17.897154, 28.606130 ], [ -17.897406, 28.605752 ], [ -17.897382, 28.605503 ], [ -17.897373, 28.605409 ], [ -17.897389, 28.604993 ], [ -17.897389, 28.604922 ], [ -17.897380, 28.604770 ], [ -17.897281, 28.604346 ], [ -17.897258, 28.604256 ], [ -17.897180, 28.604042 ], [ -17.897176, 28.603991 ], [ -17.897176, 28.603921 ] ] } }
,
{ "type": "Feature", "properties": { "obj_type": "BH141-Stream", "name": "Unknown", "notation": "Not Applicable", "or_src_id": 994, "cd_value": "Not Applicable" }, "geometry": { "type": "LineString", "coordinates": [ [ -17.897385, 28.603122 ], [ -17.897382, 28.603040 ] ] } }
,
{ "type": "Feature", "properties": { "obj_type": "BH141-Stream", "name": "Unknown", "notation": "Not Applicable", "or_src_id": 994, "cd_value": "Not Applicable" }, "geometry": { "type": "LineString", "coordinates": [ [ -17.893170, 28.588227 ], [ -17.893282, 28.587955 ] ] } }
,
{ "type": "Feature", "properties": { "obj_type": "BH141-Stream", "name": "Unknown", "notation": "Not Applicable", "or_src_id": 994, "cd_value": "Not Applicable" }, "geometry": { "type": "LineString", "coordinates": [ [ -17.893282, 28.587955 ], [ -17.893406, 28.587896 ], [ -17.893494, 28.587825 ], [ -17.893703, 28.587704 ], [ -17.893963, 28.587623 ], [ -17.894102, 28.587552 ], [ -17.894276, 28.587432 ], [ -17.894368, 28.587339 ], [ -17.894472, 28.587208 ], [ -17.894539, 28.587051 ], [ -17.894556, 28.586894 ], [ -17.894575, 28.586815 ], [ -17.894627, 28.586742 ], [ -17.894736, 28.586649 ], [ -17.894768, 28.586594 ], [ -17.894765, 28.586433 ], [ -17.894721, 28.586272 ], [ -17.894672, 28.586216 ], [ -17.894567, 28.586185 ], [ -17.894393, 28.586167 ], [ -17.894318, 28.586100 ], [ -17.894181, 28.585960 ], [ -17.894068, 28.585887 ], [ -17.893921, 28.585832 ], [ -17.893872, 28.585719 ], [ -17.893821, 28.585595 ], [ -17.893766, 28.585547 ], [ -17.893558, 28.585493 ], [ -17.893509, 28.585449 ], [ -17.893477, 28.585325 ], [ -17.893448, 28.585216 ], [ -17.893372, 28.584990 ], [ -17.893356, 28.584923 ], [ -17.893356, 28.584805 ], [ -17.893384, 28.584595 ], [ -17.893375, 28.584424 ], [ -17.893329, 28.584075 ], [ -17.893326, 28.583903 ], [ -17.893245, 28.583618 ], [ -17.893172, 28.583417 ] ] } }
,
{ "type": "Feature", "properties": { "obj_type": "BH141-Stream", "name": "Unknown", "notation": "Not Applicable", "or_src_id": 994, "cd_value": "Not Applicable" }, "geometry": { "type": "LineString", "coordinates": [ [ -17.898013, 28.626101 ], [ -17.897942, 28.625887 ], [ -17.897875, 28.625650 ], [ -17.897863, 28.625545 ], [ -17.897871, 28.625479 ], [ -17.897904, 28.625430 ], [ -17.897973, 28.625378 ], [ -17.898008, 28.625351 ], [ -17.898032, 28.625319 ], [ -17.898042, 28.625257 ], [ -17.898066, 28.625091 ], [ -17.898062, 28.624922 ], [ -17.898008, 28.624768 ], [ -17.897995, 28.624718 ], [ -17.897995, 28.624681 ], [ -17.898027, 28.624619 ], [ -17.898095, 28.624565 ], [ -17.898174, 28.624477 ], [ -17.898246, 28.624423 ], [ -17.898332, 28.624368 ], [ -17.898405, 28.624364 ], [ -17.898500, 28.624329 ], [ -17.898591, 28.624273 ], [ -17.898666, 28.624223 ], [ -17.898690, 28.624132 ], [ -17.898667, 28.624046 ], [ -17.898613, 28.623931 ], [ -17.898624, 28.623842 ], [ -17.898604, 28.623665 ], [ -17.898574, 28.623612 ], [ -17.898533, 28.623562 ], [ -17.898277, 28.623456 ], [ -17.898222, 28.623430 ], [ -17.898167, 28.623382 ], [ -17.898121, 28.623269 ], [ -17.898011, 28.622881 ], [ -17.897994, 28.622827 ], [ -17.897957, 28.622778 ], [ -17.897918, 28.622726 ], [ -17.897476, 28.622394 ], [ -17.897427, 28.622337 ] ] } }
,
{ "type": "Feature", "properties": { "obj_type": "BH141-Stream", "name": "Unknown", "notation": "Not Applicable", "or_src_id": 994, "cd_value": "Not Applicable" }, "geometry": { "type": "LineString", "coordinates": [ [ -17.897065, 28.627212 ], [ -17.897074, 28.627177 ], [ -17.897100, 28.627147 ], [ -17.897152, 28.627089 ], [ -17.897200, 28.627009 ], [ -17.897248, 28.626898 ], [ -17.897272, 28.626817 ], [ -17.897333, 28.626578 ], [ -17.897360, 28.626557 ], [ -17.897591, 28.626551 ] ] } }
,
{ "type": "Feature", "properties": { "obj_type": "BH141-Stream", "name": "Unknown", "notation": "Not Applicable", "or_src_id": 994, "cd_value": "Not Applicable" }, "geometry": { "type": "LineString", "coordinates": [ [ -17.897591, 28.626551 ], [ -17.897662, 28.626552 ], [ -17.897729, 28.626557 ], [ -17.897830, 28.626494 ], [ -17.897885, 28.626390 ], [ -17.897975, 28.626287 ], [ -17.898005, 28.626241 ], [ -17.898017, 28.626207 ], [ -17.898020, 28.626160 ], [ -17.898013, 28.626101 ] ] } }
,
{ "type": "Feature", "properties": { "obj_type": "BH141-Stream", "name": "Unknown", "notation": "Not Applicable", "or_src_id": 994, "cd_value": "Not Applicable" }, "geometry": { "type": "LineString", "coordinates": [ [ -17.897046, 28.627316 ], [ -17.897055, 28.627264 ], [ -17.897065, 28.627212 ] ] } }
,
{ "type": "Feature", "properties": { "obj_type": "BH141-Stream", "name": "Unknown", "notation": "Not Applicable", "or_src_id": 994, "cd_value": "Not Applicable" }, "geometry": { "type": "LineString", "coordinates": [ [ -17.897427, 28.622337 ], [ -17.897381, 28.622252 ], [ -17.897413, 28.622210 ] ] } }
,
{ "type": "Feature", "properties": { "obj_type": "BH141-Stream", "name": "Unknown", "notation": "Not Applicable", "or_src_id": 994, "cd_value": "Not Applicable" }, "geometry": { "type": "LineString", "coordinates": [ [ -17.897293, 28.629500 ], [ -17.897245, 28.629400 ], [ -17.897070, 28.629028 ], [ -17.897099, 28.628766 ], [ -17.897109, 28.628734 ], [ -17.897120, 28.628713 ], [ -17.897148, 28.628697 ], [ -17.897236, 28.628657 ], [ -17.897256, 28.628654 ], [ -17.897275, 28.628632 ], [ -17.897286, 28.628609 ], [ -17.897287, 28.628554 ], [ -17.897277, 28.628461 ], [ -17.897253, 28.628373 ], [ -17.897178, 28.628213 ], [ -17.897162, 28.628175 ], [ -17.897156, 28.628126 ], [ -17.897132, 28.627783 ], [ -17.897131, 28.627744 ], [ -17.897109, 28.627590 ], [ -17.897069, 28.627415 ], [ -17.897046, 28.627316 ] ] } }
,
{ "type": "Feature", "properties": { "obj_type": "BH141-Stream", "name": "Unknown", "notation": "Not Applicable", "or_src_id": 994, "cd_value": "Not Applicable" }, "geometry": { "type": "LineString", "coordinates": [ [ -17.897494, 28.630023 ], [ -17.897362, 28.630032 ], [ -17.897255, 28.629556 ], [ -17.897293, 28.629500 ] ] } }
,
{ "type": "Feature", "properties": { "obj_type": "BH141-Stream", "name": "Unknown", "notation": "Not Applicable", "or_src_id": 994, "cd_value": "Not Applicable" }, "geometry": { "type": "LineString", "coordinates": [ [ -17.897490, 28.631028 ], [ -17.897517, 28.630094 ], [ -17.897494, 28.630023 ] ] } }
,
{ "type": "Feature", "properties": { "obj_type": "BH141-Stream", "name": "Unknown", "notation": "Not Applicable", "or_src_id": 994, "cd_value": "Not Applicable" }, "geometry": { "type": "LineString", "coordinates": [ [ -17.897227, 28.631394 ], [ -17.897366, 28.631349 ], [ -17.897442, 28.631128 ] ] } }
,
{ "type": "Feature", "properties": { "obj_type": "BH141-Stream", "name": "Unknown", "notation": "Not Applicable", "or_src_id": 994, "cd_value": "Not Applicable" }, "geometry": { "type": "LineString", "coordinates": [ [ -17.896708, 28.631665 ], [ -17.896794, 28.631622 ] ] } }
,
{ "type": "Feature", "properties": { "obj_type": "BH141-Stream", "name": "Unknown", "notation": "Not Applicable", "or_src_id": 994, "cd_value": "Not Applicable" }, "geometry": { "type": "LineString", "coordinates": [ [ -17.897190, 28.631475 ], [ -17.897227, 28.631394 ] ] } }
,
{ "type": "Feature", "properties": { "obj_type": "BH141-Stream", "name": "Unknown", "notation": "Not Applicable", "or_src_id": 994, "cd_value": "Not Applicable" }, "geometry": { "type": "LineString", "coordinates": [ [ -17.896794, 28.631622 ], [ -17.897190, 28.631475 ] ] } }
,
{ "type": "Feature", "properties": { "obj_type": "BH141-Stream", "name": "Unknown", "notation": "Not Applicable", "or_src_id": 994, "cd_value": "Not Applicable" }, "geometry": { "type": "LineString", "coordinates": [ [ -17.897442, 28.631128 ], [ -17.897490, 28.631028 ] ] } }
,
{ "type": "Feature", "properties": { "obj_type": "BH141-Stream", "name": "Unknown", "notation": "Not Applicable", "or_src_id": 994, "cd_value": "Not Applicable" }, "geometry": { "type": "LineString", "coordinates": [ [ -17.896940, 28.632977 ], [ -17.896794, 28.632075 ], [ -17.896832, 28.632027 ], [ -17.896708, 28.631665 ] ] } }
,
{ "type": "Feature", "properties": { "obj_type": "BH141-Stream", "name": "Unknown", "notation": "Not Applicable", "or_src_id": 994, "cd_value": "Not Applicable" }, "geometry": { "type": "LineString", "coordinates": [ [ -17.896961, 28.633078 ], [ -17.896940, 28.632977 ] ] } }
,
{ "type": "Feature", "properties": { "obj_type": "BH141-Stream", "name": "Unknown", "notation": "Not Applicable", "or_src_id": 994, "cd_value": "Not Applicable" }, "geometry": { "type": "LineString", "coordinates": [ [ -17.900892, 28.642014 ], [ -17.900967, 28.641948 ], [ -17.901002, 28.641900 ], [ -17.901036, 28.641819 ], [ -17.900993, 28.641678 ], [ -17.900899, 28.641347 ], [ -17.900858, 28.641316 ], [ -17.900814, 28.641313 ], [ -17.900710, 28.641314 ], [ -17.900668, 28.641309 ], [ -17.900638, 28.641281 ], [ -17.900612, 28.641212 ], [ -17.900593, 28.641099 ], [ -17.900587, 28.641037 ], [ -17.900587, 28.640941 ], [ -17.900600, 28.640871 ], [ -17.900570, 28.640777 ], [ -17.900572, 28.640742 ], [ -17.900588, 28.640720 ], [ -17.900719, 28.640648 ], [ -17.900742, 28.640591 ], [ -17.900741, 28.640475 ], [ -17.900686, 28.640268 ], [ -17.900612, 28.640026 ], [ -17.900538, 28.639719 ], [ -17.900529, 28.639662 ], [ -17.900522, 28.639542 ], [ -17.900489, 28.639459 ], [ -17.900450, 28.639404 ], [ -17.900377, 28.639369 ], [ -17.900288, 28.639347 ], [ -17.900201, 28.639343 ], [ -17.900124, 28.639346 ], [ -17.900050, 28.639335 ], [ -17.899985, 28.639291 ], [ -17.899940, 28.639200 ], [ -17.899912, 28.639082 ], [ -17.899904, 28.639032 ], [ -17.899951, 28.638933 ], [ -17.899975, 28.638858 ], [ -17.900010, 28.638640 ], [ -17.899992, 28.638506 ], [ -17.899993, 28.638361 ], [ -17.899969, 28.638202 ], [ -17.899936, 28.638105 ], [ -17.899761, 28.637813 ], [ -17.899734, 28.637779 ], [ -17.899697, 28.637768 ], [ -17.899556, 28.637759 ], [ -17.899402, 28.637766 ], [ -17.899364, 28.637763 ], [ -17.899315, 28.637746 ], [ -17.899270, 28.637706 ], [ -17.899229, 28.637646 ], [ -17.899215, 28.637616 ], [ -17.899215, 28.637557 ], [ -17.899295, 28.637378 ], [ -17.899420, 28.637049 ], [ -17.899422, 28.637011 ], [ -17.899387, 28.636893 ], [ -17.899365, 28.636728 ], [ -17.899234, 28.636629 ], [ -17.899191, 28.636579 ], [ -17.899185, 28.636498 ], [ -17.899155, 28.636364 ], [ -17.899105, 28.636262 ], [ -17.898937, 28.635786 ], [ -17.898833, 28.635643 ], [ -17.898687, 28.635368 ], [ -17.898614, 28.635215 ], [ -17.898338, 28.634975 ], [ -17.898270, 28.634899 ], [ -17.898208, 28.634763 ], [ -17.898169, 28.634697 ], [ -17.897839, 28.634501 ], [ -17.897790, 28.634497 ], [ -17.897426, 28.634564 ], [ -17.897346, 28.634566 ], [ -17.897289, 28.634544 ], [ -17.897123, 28.634298 ], [ -17.897109, 28.634266 ], [ -17.897155, 28.633933 ], [ -17.897137, 28.633379 ], [ -17.897080, 28.633289 ], [ -17.897071, 28.633100 ], [ -17.896961, 28.633078 ] ] } }
,
{ "type": "Feature", "properties": { "obj_type": "BH141-Stream", "name": "Unknown", "notation": "Not Applicable", "or_src_id": 994, "cd_value": "Not Applicable" }, "geometry": { "type": "LineString", "coordinates": [ [ -17.900847, 28.642058 ], [ -17.900892, 28.642014 ] ] } }
,
{ "type": "Feature", "properties": { "obj_type": "BH141-Stream", "name": "Unknown", "notation": "Not Applicable", "or_src_id": 994, "cd_value": "Not Applicable" }, "geometry": { "type": "LineString", "coordinates": [ [ -17.900902, 28.646417 ], [ -17.900928, 28.646388 ], [ -17.901015, 28.646320 ], [ -17.901035, 28.646293 ], [ -17.901051, 28.646231 ], [ -17.901052, 28.646152 ], [ -17.901048, 28.646077 ], [ -17.901040, 28.646050 ], [ -17.900991, 28.645998 ], [ -17.900954, 28.645958 ], [ -17.900938, 28.645881 ], [ -17.900919, 28.645831 ], [ -17.900880, 28.645761 ], [ -17.900844, 28.645720 ], [ -17.900780, 28.645666 ], [ -17.900733, 28.645647 ], [ -17.900632, 28.645603 ], [ -17.900487, 28.645486 ], [ -17.900396, 28.645413 ], [ -17.900273, 28.645335 ], [ -17.900203, 28.645301 ], [ -17.900156, 28.645307 ], [ -17.900076, 28.645271 ], [ -17.900044, 28.645242 ], [ -17.899975, 28.645156 ], [ -17.899655, 28.644886 ], [ -17.899498, 28.644564 ], [ -17.899328, 28.644219 ], [ -17.899357, 28.644137 ], [ -17.899357, 28.644048 ], [ -17.899407, 28.643893 ], [ -17.899441, 28.643712 ], [ -17.899454, 28.643685 ], [ -17.899477, 28.643674 ], [ -17.899547, 28.643649 ], [ -17.899562, 28.643637 ], [ -17.899566, 28.643620 ], [ -17.899571, 28.643508 ], [ -17.899611, 28.643448 ], [ -17.899685, 28.643370 ], [ -17.899713, 28.643363 ], [ -17.899755, 28.643309 ], [ -17.899782, 28.643258 ], [ -17.899883, 28.643168 ], [ -17.899928, 28.643108 ], [ -17.899955, 28.643047 ], [ -17.899963, 28.642978 ], [ -17.899942, 28.642871 ], [ -17.899948, 28.642839 ], [ -17.900102, 28.642544 ], [ -17.900136, 28.642504 ], [ -17.900166, 28.642482 ], [ -17.900205, 28.642467 ], [ -17.900444, 28.642425 ], [ -17.900489, 28.642412 ], [ -17.900528, 28.642365 ], [ -17.900619, 28.642251 ], [ -17.900847, 28.642058 ] ] } }
,
{ "type": "Feature", "properties": { "obj_type": "BH141-Stream", "name": "Unknown", "notation": "Not Applicable", "or_src_id": 994, "cd_value": "Not Applicable" }, "geometry": { "type": "LineString", "coordinates": [ [ -17.900902, 28.646495 ], [ -17.900902, 28.646417 ] ] } }
,
{ "type": "Feature", "properties": { "obj_type": "BH141-Stream", "name": "Unknown", "notation": "Not Applicable", "or_src_id": 994, "cd_value": "Not Applicable" }, "geometry": { "type": "LineString", "coordinates": [ [ -17.900371, 28.647592 ], [ -17.900400, 28.647528 ] ] } }
,
{ "type": "Feature", "properties": { "obj_type": "BH141-Stream", "name": "Unknown", "notation": "Not Applicable", "or_src_id": 994, "cd_value": "Not Applicable" }, "geometry": { "type": "LineString", "coordinates": [ [ -17.900400, 28.647528 ], [ -17.900424, 28.647473 ], [ -17.900400, 28.647420 ], [ -17.900378, 28.647400 ], [ -17.900367, 28.647359 ], [ -17.900425, 28.647263 ], [ -17.900480, 28.647194 ], [ -17.900476, 28.647140 ], [ -17.900684, 28.646772 ], [ -17.900768, 28.646585 ], [ -17.900902, 28.646495 ] ] } }
,
{ "type": "Feature", "properties": { "obj_type": "BH141-Stream", "name": "Unknown", "notation": "Not Applicable", "or_src_id": 994, "cd_value": "Not Applicable" }, "geometry": { "type": "LineString", "coordinates": [ [ -17.900604, 28.648418 ], [ -17.900626, 28.648407 ], [ -17.900633, 28.648366 ], [ -17.900631, 28.648319 ], [ -17.900585, 28.648245 ], [ -17.900522, 28.648235 ], [ -17.900431, 28.648226 ], [ -17.900369, 28.648202 ], [ -17.900314, 28.648199 ], [ -17.900243, 28.648181 ], [ -17.900205, 28.648152 ], [ -17.900152, 28.648070 ], [ -17.900204, 28.647795 ], [ -17.900231, 28.647763 ], [ -17.900278, 28.647749 ], [ -17.900335, 28.647769 ], [ -17.900385, 28.647767 ], [ -17.900420, 28.647658 ], [ -17.900371, 28.647592 ] ] } }
,
{ "type": "Feature", "properties": { "obj_type": "BH141-Stream", "name": "Unknown", "notation": "Not Applicable", "or_src_id": 994, "cd_value": "Not Applicable" }, "geometry": { "type": "LineString", "coordinates": [ [ -17.899222, 28.650576 ], [ -17.899058, 28.650465 ], [ -17.899079, 28.650431 ], [ -17.899115, 28.650380 ], [ -17.899170, 28.650318 ], [ -17.899236, 28.650272 ], [ -17.899319, 28.650259 ], [ -17.899391, 28.650247 ], [ -17.899450, 28.650225 ], [ -17.899513, 28.650173 ], [ -17.899564, 28.650132 ], [ -17.899607, 28.650134 ], [ -17.899639, 28.650135 ], [ -17.899670, 28.650146 ], [ -17.899711, 28.650183 ], [ -17.899773, 28.650226 ], [ -17.899828, 28.650244 ], [ -17.899903, 28.650259 ], [ -17.899984, 28.650249 ], [ -17.900055, 28.650246 ], [ -17.900122, 28.650228 ], [ -17.900152, 28.650213 ], [ -17.900183, 28.650183 ], [ -17.900215, 28.650137 ], [ -17.900228, 28.650106 ], [ -17.900238, 28.650055 ], [ -17.900242, 28.650015 ], [ -17.900238, 28.649966 ], [ -17.900213, 28.649903 ], [ -17.900193, 28.649844 ], [ -17.900188, 28.649800 ], [ -17.900202, 28.649755 ], [ -17.900244, 28.649719 ], [ -17.900287, 28.649680 ], [ -17.900351, 28.649657 ], [ -17.900469, 28.649621 ], [ -17.900535, 28.649602 ], [ -17.900573, 28.649585 ], [ -17.900597, 28.649566 ], [ -17.900612, 28.649540 ], [ -17.900625, 28.649514 ], [ -17.900643, 28.649488 ], [ -17.900671, 28.649476 ], [ -17.900693, 28.649465 ], [ -17.900722, 28.649467 ], [ -17.900849, 28.649430 ], [ -17.900911, 28.649398 ], [ -17.900943, 28.649377 ], [ -17.900963, 28.649357 ], [ -17.900968, 28.649320 ] ] } }
,
{ "type": "Feature", "properties": { "obj_type": "BH141-Stream", "name": "Unknown", "notation": "Not Applicable", "or_src_id": 994, "cd_value": "Not Applicable" }, "geometry": { "type": "LineString", "coordinates": [ [ -17.900968, 28.649320 ], [ -17.900881, 28.649168 ], [ -17.900776, 28.649023 ], [ -17.900877, 28.648918 ], [ -17.900477, 28.648557 ], [ -17.900604, 28.648418 ] ] } }
,
{ "type": "Feature", "properties": { "obj_type": "BH141-Stream", "name": "Unknown", "notation": "Not Applicable", "or_src_id": 994, "cd_value": "Not Applicable" }, "geometry": { "type": "LineString", "coordinates": [ [ -17.900153, 28.651991 ], [ -17.900100, 28.651788 ], [ -17.900105, 28.651723 ], [ -17.900146, 28.651609 ], [ -17.900107, 28.651538 ], [ -17.900064, 28.651483 ], [ -17.900018, 28.651428 ], [ -17.899977, 28.651376 ], [ -17.899933, 28.651332 ], [ -17.899903, 28.651333 ], [ -17.899785, 28.651385 ], [ -17.899723, 28.651410 ], [ -17.899663, 28.651409 ], [ -17.899610, 28.651401 ], [ -17.899599, 28.651345 ], [ -17.899598, 28.651255 ], [ -17.899605, 28.651185 ], [ -17.899627, 28.651097 ], [ -17.899607, 28.651026 ], [ -17.899522, 28.650981 ], [ -17.899494, 28.650942 ], [ -17.899495, 28.650817 ], [ -17.899484, 28.650762 ], [ -17.899458, 28.650726 ], [ -17.899387, 28.650693 ], [ -17.899292, 28.650654 ], [ -17.899222, 28.650576 ] ] } }
,
{ "type": "Feature", "properties": { "obj_type": "BH141-Stream", "name": "Unknown", "notation": "Not Applicable", "or_src_id": 994, "cd_value": "Not Applicable" }, "geometry": { "type": "LineString", "coordinates": [ [ -17.900152, 28.652108 ], [ -17.900153, 28.651991 ] ] } }
,
{ "type": "Feature", "properties": { "obj_type": "BH141-Stream", "name": "Unknown", "notation": "Not Applicable", "or_src_id": 994, "cd_value": "Not Applicable" }, "geometry": { "type": "LineString", "coordinates": [ [ -17.899268, 28.653951 ], [ -17.899255, 28.653870 ], [ -17.899213, 28.653824 ], [ -17.899221, 28.653732 ], [ -17.899343, 28.653572 ], [ -17.899585, 28.653525 ], [ -17.899669, 28.653446 ], [ -17.899680, 28.653338 ], [ -17.899705, 28.653229 ], [ -17.899744, 28.653184 ], [ -17.899839, 28.653100 ], [ -17.899966, 28.652960 ], [ -17.900074, 28.652850 ], [ -17.900080, 28.652790 ], [ -17.900063, 28.652758 ], [ -17.899995, 28.652702 ], [ -17.899913, 28.652645 ], [ -17.899860, 28.652578 ], [ -17.899835, 28.652505 ], [ -17.899835, 28.652436 ], [ -17.899885, 28.652324 ], [ -17.899956, 28.652236 ], [ -17.900152, 28.652108 ] ] } }
,
{ "type": "Feature", "properties": { "obj_type": "BH141-Stream", "name": "Unknown", "notation": "Not Applicable", "or_src_id": 994, "cd_value": "Not Applicable" }, "geometry": { "type": "LineString", "coordinates": [ [ -17.900799, 28.655719 ], [ -17.900503, 28.655238 ], [ -17.900451, 28.655142 ], [ -17.900345, 28.655100 ], [ -17.900166, 28.655141 ], [ -17.899957, 28.655249 ], [ -17.899804, 28.655350 ], [ -17.899276, 28.654959 ], [ -17.899207, 28.654946 ], [ -17.899149, 28.654900 ], [ -17.899053, 28.654784 ], [ -17.899035, 28.654732 ], [ -17.899025, 28.654666 ], [ -17.899031, 28.654634 ], [ -17.899071, 28.654602 ], [ -17.899141, 28.654571 ], [ -17.899191, 28.654518 ], [ -17.899220, 28.654414 ], [ -17.899188, 28.654196 ], [ -17.899256, 28.654053 ], [ -17.899268, 28.653951 ] ] } }
,
{ "type": "Feature", "properties": { "obj_type": "BH141-Stream", "name": "Unknown", "notation": "Not Applicable", "or_src_id": 994, "cd_value": "Not Applicable" }, "geometry": { "type": "LineString", "coordinates": [ [ -17.896910, 28.596553 ], [ -17.896877, 28.596520 ] ] } }
,
{ "type": "Feature", "properties": { "obj_type": "BH141-Stream", "name": "Unknown", "notation": "Not Applicable", "or_src_id": 994, "cd_value": "Not Applicable" }, "geometry": { "type": "LineString", "coordinates": [ [ -17.896877, 28.596520 ], [ -17.896789, 28.596435 ] ] } }
,
{ "type": "Feature", "properties": { "obj_type": "BH141-Stream", "name": "Unknown", "notation": "Not Applicable", "or_src_id": 994, "cd_value": "Not Applicable" }, "geometry": { "type": "LineString", "coordinates": [ [ -17.897382, 28.603040 ], [ -17.897372, 28.602981 ], [ -17.897362, 28.602920 ], [ -17.897340, 28.602828 ], [ -17.897265, 28.602558 ], [ -17.897258, 28.602501 ], [ -17.897256, 28.602446 ], [ -17.897260, 28.602392 ], [ -17.897370, 28.601593 ], [ -17.897398, 28.601410 ], [ -17.897407, 28.601103 ], [ -17.897436, 28.600712 ], [ -17.897452, 28.600366 ], [ -17.897431, 28.600283 ], [ -17.897402, 28.600219 ], [ -17.897369, 28.600159 ], [ -17.897213, 28.600002 ], [ -17.897176, 28.599950 ], [ -17.897149, 28.599908 ], [ -17.897117, 28.599829 ], [ -17.897015, 28.599650 ], [ -17.896971, 28.599564 ], [ -17.896960, 28.599504 ], [ -17.896954, 28.599410 ], [ -17.896952, 28.599274 ], [ -17.896955, 28.599230 ], [ -17.896966, 28.599187 ], [ -17.897139, 28.598898 ], [ -17.897222, 28.598721 ], [ -17.897347, 28.598446 ], [ -17.897365, 28.598371 ], [ -17.897387, 28.598116 ], [ -17.897393, 28.597943 ], [ -17.897358, 28.597524 ], [ -17.897340, 28.597423 ], [ -17.897255, 28.597239 ], [ -17.897179, 28.597050 ], [ -17.897123, 28.596915 ], [ -17.897057, 28.596777 ], [ -17.896984, 28.596647 ], [ -17.896910, 28.596553 ] ] } }
,
{ "type": "Feature", "properties": { "obj_type": "BH141-Stream", "name": "Unknown", "notation": "Not Applicable", "or_src_id": 994, "cd_value": "Not Applicable" }, "geometry": { "type": "LineString", "coordinates": [ [ -17.896789, 28.596435 ], [ -17.896757, 28.596348 ], [ -17.896679, 28.596104 ], [ -17.896581, 28.595858 ], [ -17.896543, 28.595801 ], [ -17.896484, 28.595744 ], [ -17.896265, 28.595659 ], [ -17.896086, 28.595579 ], [ -17.896019, 28.595541 ], [ -17.895987, 28.595499 ], [ -17.895927, 28.595145 ], [ -17.895867, 28.594905 ], [ -17.895756, 28.594650 ], [ -17.895684, 28.594545 ], [ -17.895502, 28.594325 ], [ -17.895155, 28.594064 ], [ -17.895134, 28.594032 ], [ -17.894751, 28.593284 ], [ -17.894681, 28.593253 ], [ -17.894328, 28.593172 ], [ -17.894274, 28.593130 ], [ -17.894007, 28.592783 ], [ -17.893799, 28.592527 ], [ -17.893724, 28.592483 ], [ -17.893655, 28.592470 ], [ -17.893129, 28.592447 ], [ -17.892976, 28.592427 ], [ -17.892878, 28.592361 ], [ -17.892900, 28.592152 ], [ -17.892978, 28.592119 ], [ -17.893327, 28.591934 ], [ -17.893366, 28.591889 ], [ -17.893378, 28.591844 ], [ -17.893365, 28.591744 ], [ -17.893298, 28.591556 ], [ -17.893299, 28.591431 ], [ -17.893311, 28.591239 ], [ -17.893251, 28.590989 ], [ -17.893233, 28.590780 ], [ -17.893184, 28.590644 ], [ -17.893046, 28.590233 ], [ -17.893014, 28.590122 ], [ -17.892996, 28.590009 ], [ -17.893006, 28.589946 ], [ -17.893034, 28.589798 ], [ -17.893033, 28.589731 ], [ -17.893000, 28.589693 ], [ -17.892917, 28.589654 ], [ -17.892881, 28.589622 ], [ -17.892879, 28.589574 ], [ -17.892893, 28.589534 ], [ -17.892930, 28.589494 ], [ -17.892991, 28.589451 ], [ -17.893017, 28.589421 ], [ -17.893082, 28.589280 ], [ -17.893156, 28.589095 ], [ -17.893060, 28.588855 ], [ -17.892932, 28.588593 ], [ -17.892927, 28.588545 ], [ -17.892958, 28.588514 ], [ -17.893083, 28.588401 ], [ -17.893102, 28.588378 ], [ -17.893102, 28.588352 ], [ -17.893096, 28.588307 ], [ -17.893170, 28.588227 ] ] } }
,
{ "type": "Feature", "properties": { "obj_type": "BH141-Stream", "name": "Unknown", "notation": "Not Applicable", "or_src_id": 994, "cd_value": "Not Applicable" }, "geometry": { "type": "LineString", "coordinates": [ [ -17.914481, 28.599314 ], [ -17.914524, 28.599260 ], [ -17.914494, 28.599154 ], [ -17.914468, 28.599062 ], [ -17.914492, 28.598954 ], [ -17.914521, 28.598897 ], [ -17.914473, 28.598806 ], [ -17.914470, 28.598742 ], [ -17.914468, 28.598645 ], [ -17.914492, 28.598587 ], [ -17.914578, 28.598558 ], [ -17.914623, 28.598537 ], [ -17.914628, 28.598481 ], [ -17.914559, 28.598443 ], [ -17.914470, 28.598372 ], [ -17.914425, 28.598257 ], [ -17.914446, 28.598198 ], [ -17.914457, 28.598130 ], [ -17.914379, 28.598085 ], [ -17.914285, 28.598012 ], [ -17.914215, 28.597911 ], [ -17.914020, 28.597774 ], [ -17.913995, 28.597727 ], [ -17.913995, 28.597692 ], [ -17.913920, 28.597654 ], [ -17.913789, 28.597623 ], [ -17.913727, 28.597527 ], [ -17.913738, 28.597369 ], [ -17.913767, 28.597162 ], [ -17.913853, 28.597079 ], [ -17.913966, 28.596971 ], [ -17.913977, 28.596849 ], [ -17.913982, 28.596816 ], [ -17.913915, 28.596747 ], [ -17.913842, 28.596685 ], [ -17.913717, 28.596656 ], [ -17.913592, 28.596645 ], [ -17.913513, 28.596624 ], [ -17.913415, 28.596537 ], [ -17.913381, 28.596500 ], [ -17.913403, 28.596394 ], [ -17.913440, 28.596312 ], [ -17.913482, 28.596273 ], [ -17.913510, 28.596226 ], [ -17.913531, 28.596180 ], [ -17.913497, 28.596106 ], [ -17.913456, 28.596077 ], [ -17.913360, 28.596047 ], [ -17.913273, 28.596026 ], [ -17.913205, 28.596006 ], [ -17.913151, 28.595989 ], [ -17.913138, 28.595951 ], [ -17.913158, 28.595907 ], [ -17.913158, 28.595858 ], [ -17.913148, 28.595816 ], [ -17.913153, 28.595774 ], [ -17.913169, 28.595744 ], [ -17.913168, 28.595700 ], [ -17.913146, 28.595651 ], [ -17.913104, 28.595630 ], [ -17.913044, 28.595628 ], [ -17.912998, 28.595628 ], [ -17.912956, 28.595615 ], [ -17.912896, 28.595541 ], [ -17.912765, 28.595387 ], [ -17.912739, 28.595331 ], [ -17.912718, 28.595241 ], [ -17.912580, 28.594880 ], [ -17.912454, 28.594586 ], [ -17.912410, 28.594430 ], [ -17.912334, 28.594273 ], [ -17.912246, 28.594186 ], [ -17.912181, 28.594088 ], [ -17.912052, 28.593900 ], [ -17.911961, 28.593755 ], [ -17.911956, 28.593728 ], [ -17.911909, 28.593692 ], [ -17.911720, 28.593424 ], [ -17.911679, 28.593301 ], [ -17.911590, 28.593163 ], [ -17.911573, 28.593104 ] ] } }
,
{ "type": "Feature", "properties": { "obj_type": "BH141-Stream", "name": "Unknown", "notation": "Not Applicable", "or_src_id": 994, "cd_value": "Not Applicable" }, "geometry": { "type": "LineString", "coordinates": [ [ -17.914363, 28.596754 ], [ -17.913977, 28.596849 ], [ -17.913633, 28.596889 ], [ -17.913652, 28.596995 ], [ -17.913566, 28.597115 ], [ -17.913416, 28.597303 ], [ -17.913448, 28.597381 ], [ -17.913615, 28.597736 ], [ -17.913676, 28.597765 ], [ -17.913684, 28.597786 ], [ -17.913749, 28.597814 ], [ -17.913853, 28.597918 ], [ -17.913915, 28.597953 ], [ -17.913979, 28.598014 ], [ -17.914046, 28.598054 ], [ -17.914089, 28.598158 ], [ -17.913985, 28.598269 ], [ -17.913969, 28.598368 ], [ -17.913995, 28.598396 ], [ -17.914234, 28.598525 ], [ -17.914218, 28.598615 ], [ -17.914221, 28.598704 ], [ -17.914248, 28.598933 ], [ -17.914226, 28.599098 ], [ -17.914266, 28.599154 ], [ -17.914272, 28.599286 ], [ -17.914366, 28.599378 ], [ -17.914425, 28.599465 ], [ -17.914510, 28.599545 ], [ -17.914513, 28.599590 ], [ -17.914489, 28.599635 ], [ -17.914446, 28.599658 ], [ -17.914379, 28.599799 ], [ -17.914371, 28.599896 ], [ -17.914366, 28.600007 ], [ -17.914411, 28.600096 ], [ -17.914468, 28.600131 ], [ -17.914610, 28.600190 ], [ -17.914674, 28.600242 ], [ -17.914744, 28.600292 ], [ -17.914822, 28.600327 ], [ -17.914811, 28.600400 ], [ -17.914797, 28.600445 ], [ -17.914843, 28.600546 ], [ -17.914854, 28.600602 ], [ -17.914838, 28.600652 ], [ -17.914838, 28.600711 ], [ -17.914889, 28.600748 ], [ -17.915050, 28.600824 ], [ -17.915119, 28.600880 ], [ -17.915168, 28.600970 ], [ -17.915216, 28.600993 ], [ -17.915430, 28.601031 ], [ -17.915457, 28.601090 ], [ -17.915532, 28.601146 ], [ -17.915581, 28.601153 ], [ -17.915658, 28.601217 ], [ -17.915739, 28.601236 ], [ -17.915825, 28.601276 ], [ -17.915889, 28.601372 ], [ -17.915897, 28.601486 ], [ -17.915894, 28.601636 ], [ -17.915870, 28.601726 ], [ -17.915865, 28.601921 ], [ -17.915908, 28.601964 ], [ -17.916007, 28.602055 ], [ -17.916101, 28.602225 ], [ -17.916144, 28.602329 ], [ -17.916224, 28.602376 ], [ -17.916302, 28.602482 ], [ -17.916417, 28.602576 ], [ -17.916485, 28.602675 ], [ -17.916586, 28.602719 ], [ -17.916696, 28.602856 ], [ -17.916879, 28.602960 ], [ -17.917059, 28.603023 ], [ -17.917321, 28.603148 ], [ -17.917364, 28.603209 ], [ -17.917383, 28.603263 ], [ -17.917399, 28.603311 ], [ -17.917480, 28.603369 ], [ -17.917611, 28.603393 ], [ -17.917866, 28.603584 ], [ -17.917964, 28.603768 ], [ -17.918125, 28.603901 ], [ -17.918165, 28.603967 ], [ -17.918136, 28.604079 ], [ -17.918064, 28.604229 ], [ -17.918067, 28.604269 ], [ -17.918272, 28.604504 ], [ -17.918436, 28.604549 ], [ -17.918644, 28.604662 ], [ -17.918697, 28.604803 ], [ -17.918850, 28.604912 ], [ -17.919043, 28.605001 ], [ -17.919186, 28.605300 ], [ -17.919234, 28.605322 ], [ -17.919746, 28.606221 ], [ -17.919792, 28.606245 ], [ -17.919920, 28.606264 ], [ -17.920205, 28.606798 ] ] } }
,
{ "type": "Feature", "properties": { "obj_type": "BH141-Stream", "name": "Unknown", "notation": "Not Applicable", "or_src_id": 994, "cd_value": "Not Applicable" }, "geometry": { "type": "LineString", "coordinates": [ [ -17.918412, 28.603833 ], [ -17.918329, 28.603729 ], [ -17.918280, 28.603616 ], [ -17.918227, 28.603581 ], [ -17.918130, 28.603461 ], [ -17.918024, 28.603426 ], [ -17.917882, 28.603368 ], [ -17.917564, 28.603197 ], [ -17.917480, 28.603135 ], [ -17.917458, 28.603015 ], [ -17.917370, 28.602961 ], [ -17.917281, 28.602964 ], [ -17.917047, 28.602825 ], [ -17.916963, 28.602844 ], [ -17.916619, 28.602580 ], [ -17.916592, 28.602530 ], [ -17.916491, 28.602449 ], [ -17.916402, 28.602375 ], [ -17.916345, 28.602243 ], [ -17.916256, 28.602185 ] ] } }
,
{ "type": "Feature", "properties": { "obj_type": "BH141-Stream", "name": "Unknown", "notation": "Not Applicable", "or_src_id": 994, "cd_value": "Not Applicable" }, "geometry": { "type": "LineString", "coordinates": [ [ -17.911573, 28.593104 ], [ -17.911449, 28.592463 ] ] } }
,
{ "type": "Feature", "properties": { "obj_type": "BH141-Stream", "name": "Unknown", "notation": "Not Applicable", "or_src_id": 994, "cd_value": "Not Applicable" }, "geometry": { "type": "LineString", "coordinates": [ [ -17.911449, 28.592463 ], [ -17.911165, 28.592081 ], [ -17.911098, 28.591982 ], [ -17.911082, 28.591916 ], [ -17.911055, 28.591873 ], [ -17.910887, 28.591718 ], [ -17.910720, 28.591567 ], [ -17.910613, 28.591452 ], [ -17.910484, 28.591383 ], [ -17.910374, 28.591374 ], [ -17.909876, 28.591407 ], [ -17.909688, 28.591390 ], [ -17.909300, 28.591354 ], [ -17.909213, 28.591329 ], [ -17.909116, 28.591275 ], [ -17.909060, 28.591220 ], [ -17.909012, 28.591162 ], [ -17.908995, 28.591137 ], [ -17.908998, 28.591094 ], [ -17.908988, 28.591042 ], [ -17.908965, 28.590991 ], [ -17.908948, 28.590918 ], [ -17.908937, 28.590834 ], [ -17.908920, 28.590783 ], [ -17.908896, 28.590618 ], [ -17.908907, 28.590528 ], [ -17.908869, 28.590455 ], [ -17.908840, 28.590422 ], [ -17.908848, 28.590366 ], [ -17.908816, 28.590316 ], [ -17.908792, 28.590241 ], [ -17.908746, 28.590140 ], [ -17.908684, 28.590095 ], [ -17.908599, 28.590083 ], [ -17.908526, 28.590107 ], [ -17.908422, 28.590142 ], [ -17.908100, 28.590119 ], [ -17.907998, 28.590194 ], [ -17.907858, 28.590236 ] ] } }
,
{ "type": "Feature", "properties": { "obj_type": "BH141-Stream", "name": "Unknown", "notation": "Not Applicable", "or_src_id": 994, "cd_value": "Not Applicable" }, "geometry": { "type": "LineString", "coordinates": [ [ -17.897315, 28.616269 ], [ -17.897395, 28.616230 ] ] } }
,
{ "type": "Feature", "properties": { "obj_type": "BH141-Stream", "name": "Unknown", "notation": "Not Applicable", "or_src_id": 994, "cd_value": "Not Applicable" }, "geometry": { "type": "LineString", "coordinates": [ [ -17.897135, 28.616727 ], [ -17.896996, 28.616473 ], [ -17.897051, 28.616404 ] ] } }
,
{ "type": "Feature", "properties": { "obj_type": "BA010-Coastline", "name": "Unknown", "notation": "Not Applicable", "or_src_id": 990, "cd_value": "Not Applicable" }, "geometry": { "type": "LineString", "coordinates": [ [ -17.910373, 28.581717 ], [ -17.909517, 28.583132 ], [ -17.910747, 28.586272 ], [ -17.911791, 28.586735 ], [ -17.912348, 28.587626 ], [ -17.913780, 28.588812 ], [ -17.916708, 28.590481 ], [ -17.916780, 28.590868 ], [ -17.917783, 28.590954 ], [ -17.917497, 28.591330 ], [ -17.918575, 28.592236 ] ] } }
,
{ "type": "Feature", "properties": { "obj_type": "BA010-Coastline", "name": "Unknown", "notation": "Not Applicable", "or_src_id": 990, "cd_value": "Not Applicable" }, "geometry": { "type": "LineString", "coordinates": [ [ -17.918575, 28.592236 ], [ -17.919781, 28.592562 ], [ -17.920330, 28.592461 ], [ -17.924000, 28.594357 ], [ -17.924522, 28.594399 ], [ -17.925222, 28.594952 ], [ -17.925497, 28.596011 ], [ -17.926048, 28.596350 ], [ -17.925560, 28.598265 ], [ -17.925831, 28.599594 ], [ -17.924848, 28.599804 ], [ -17.923729, 28.601551 ], [ -17.923677, 28.602291 ], [ -17.924429, 28.603918 ], [ -17.924314, 28.604624 ], [ -17.923856, 28.604660 ], [ -17.923940, 28.605507 ], [ -17.923351, 28.605564 ], [ -17.922754, 28.607769 ], [ -17.923139, 28.607968 ], [ -17.925222, 28.613724 ], [ -17.925203, 28.614897 ], [ -17.925618, 28.615889 ], [ -17.929516, 28.621830 ], [ -17.931810, 28.623493 ], [ -17.932251, 28.624260 ], [ -17.933811, 28.628889 ], [ -17.937931, 28.634762 ], [ -17.938162, 28.635704 ], [ -17.938017, 28.637087 ], [ -17.938398, 28.637597 ] ] } }

]
}
