<MD_Metadata xmlns="http://www.isotc211.org/2005/gmd" xmlns:gco="http://www.isotc211.org/2005/gco">
<language>
<LanguageCode codeList="http://www.loc.gov/standards/iso639-2/php/code_list.php" codeListValue="eng" codeSpace="ISO639-2">eng</LanguageCode>
</language>
<characterSet>
<MD_CharacterSetCode codeList="http://www.isotc211.org/2005/resources/Codelist/gmxCodelists.xml#MD_CharacterSetCode" codeListValue="utf8" codeSpace="ISOTC211/19115">utf8</MD_CharacterSetCode>
</characterSet>
<hierarchyLevel>
<MD_ScopeCode codeList="http://www.isotc211.org/2005/resources/Codelist/gmxCodelists.xml#MD_ScopeCode" codeListValue="nonGeographicDataset" codeSpace="ISOTC211/19115">nonGeographicDataset</MD_ScopeCode>
</hierarchyLevel>
<hierarchyLevelName>
<gco:CharacterString>dataset</gco:CharacterString>
</hierarchyLevelName>
<contact>
<CI_ResponsibleParty>
<individualName>
<gco:CharacterString>On duty Operator</gco:CharacterString>
</individualName>
<organisationName>
<gco:CharacterString>Copernicus EMS Rapid Mapping Team</gco:CharacterString>
</organisationName>
<positionName>
<gco:CharacterString>On duty Operator</gco:CharacterString>
</positionName>
<contactInfo>
<CI_Contact>
<phone>
<CI_Telephone>
<voice>
<gco:CharacterString>+39 06 4069-4501</gco:CharacterString>
</voice>
<facsimile>
<gco:CharacterString>+39 06 4099-9893</gco:CharacterString>
</facsimile>
</CI_Telephone>
</phone>
<address>
<CI_Address>
<electronicMailAddress>
<gco:CharacterString>rapidmapping@ems-copernicus.eu</gco:CharacterString>
</electronicMailAddress>
</CI_Address>
</address>
</CI_Contact>
</contactInfo>
<role>
<CI_RoleCode codeList="http://www.isotc211.org/2005/resources/Codelist/gmxCodelists.xml#CI_RoleCode" codeListValue="pointOfContact" codeSpace="ISOTC211/19115">pointOfContact</CI_RoleCode>
</role>
</CI_ResponsibleParty>
</contact>
<dateStamp>
<gco:Date>2021-10-09</gco:Date>
</dateStamp>
<metadataStandardName>
<gco:CharacterString>INSPIRE Metadata Implementing Rules: Technical Guidelines based on EN ISO 19115 and EN ISO 19119</gco:CharacterString>
</metadataStandardName>
<metadataStandardVersion>
<gco:CharacterString>V. 1.2</gco:CharacterString>
</metadataStandardVersion>
<locale>
<PT_Locale>
<languageCode>
<LanguageCode codeList="http://www.loc.gov/standards/iso639-2/php/code_list.php" codeListValue="eng" codeSpace="ISO639-2">eng</LanguageCode>
</languageCode>
<country>
<Country gco:nilReason="unknown">
</Country>
</country>
<characterEncoding>
<MD_CharacterSetCode codeList="http://www.isotc211.org/2005/resources/Codelist/gmxCodelists.xml#MD_CharacterSetCode" codeListValue="utf8" codeSpace="ISOTC211/19115">utf8</MD_CharacterSetCode>
</characterEncoding>
</PT_Locale>
</locale>
<spatialRepresentationInfo>
<MD_VectorSpatialRepresentation>
<topologyLevel>
<MD_TopologyLevelCode codeList="http://www.isotc211.org/2005/resources/Codelist/gmxCodelists.xml#MD_TopologyLevelCode" codeListValue="geometryOnly" codeSpace="ISOTC211/19115">geometryOnly</MD_TopologyLevelCode>
</topologyLevel>
<geometricObjects>
<MD_GeometricObjects>
<geometricObjectType>
<MD_GeometricObjectTypeCode codeList="http://www.isotc211.org/2005/resources/Codelist/gmxCodelists.xml#MD_GeometricObjectTypeCode" codeListValue="composite" codeSpace="ISOTC211/19115">composite</MD_GeometricObjectTypeCode>
</geometricObjectType>
<geometricObjectCount>
<gco:Integer>1</gco:Integer>
</geometricObjectCount>
</MD_GeometricObjects>
</geometricObjects>
</MD_VectorSpatialRepresentation>
</spatialRepresentationInfo>
<referenceSystemInfo>
<MD_ReferenceSystem>
<referenceSystemIdentifier>
<RS_Identifier>
<code>
<gco:CharacterString>4326</gco:CharacterString>
</code>
<codeSpace>
<gco:CharacterString>EPSG</gco:CharacterString>
</codeSpace>
<version>
<gco:CharacterString>6.14(3.0.1)</gco:CharacterString>
</version>
</RS_Identifier>
</referenceSystemIdentifier>
</MD_ReferenceSystem>
</referenceSystemInfo>
<identificationInfo>
<MD_DataIdentification>
<citation>
<CI_Citation>
<title>
<gco:CharacterString>EMSR546_AOI01_GRA_MONIT17_hydrographyL_r1_v2</gco:CharacterString>
</title>
<alternateTitle>
<gco:CharacterString>Hydrography L</gco:CharacterString>
</alternateTitle>
<date>
<CI_Date>
<date>
<gco:Date>2021-10-09</gco:Date>
</date>
<dateType>
<CI_DateTypeCode codeList="http://www.isotc211.org/2005/resources/Codelist/gmxCodelists.xml#CI_DateTypeCode" codeListValue="creation" codeSpace="ISOTC211/19115">creation</CI_DateTypeCode>
</dateType>
</CI_Date>
</date>
<date>
<CI_Date>
<date>
<gco:Date>2021-10-09</gco:Date>
</date>
<dateType>
<CI_DateTypeCode codeList="http://www.isotc211.org/2005/resources/Codelist/gmxCodelists.xml#CI_DateTypeCode" codeListValue="publication" codeSpace="ISOTC211/19115">publication</CI_DateTypeCode>
</dateType>
</CI_Date>
</date>
<date>
<CI_Date>
<date>
<gco:Date>2021-10-09</gco:Date>
</date>
<dateType>
<CI_DateTypeCode codeList="http://www.isotc211.org/2005/resources/Codelist/gmxCodelists.xml#CI_DateTypeCode" codeListValue="revision" codeSpace="ISOTC211/19115">revision</CI_DateTypeCode>
</dateType>
</CI_Date>
</date>
<citedResponsibleParty>
<CI_ResponsibleParty>
<individualName>
<gco:CharacterString>On duty Operator</gco:CharacterString>
</individualName>
<organisationName>
<gco:CharacterString>Copernicus EMS Rapid Mapping Team</gco:CharacterString>
</organisationName>
<positionName>
<gco:CharacterString>On duty Operator</gco:CharacterString>
</positionName>
<contactInfo>
<CI_Contact>
<phone>
<CI_Telephone>
<voice>
<gco:CharacterString>+39 06 4069-4501</gco:CharacterString>
</voice>
<facsimile>
<gco:CharacterString>+39 06 4099-9893</gco:CharacterString>
</facsimile>
</CI_Telephone>
</phone>
<address>
<CI_Address>
<electronicMailAddress>
<gco:CharacterString>rapidmapping@ems-copernicus.eu</gco:CharacterString>
</electronicMailAddress>
</CI_Address>
</address>
</CI_Contact>
</contactInfo>
<role>
<CI_RoleCode codeList="http://www.isotc211.org/2005/resources/Codelist/gmxCodelists.xml#CI_RoleCode" codeListValue="pointOfContact" codeSpace="ISOTC211/19115">pointOfContact</CI_RoleCode>
</role>
</CI_ResponsibleParty>
</citedResponsibleParty>
<presentationForm>
<CI_PresentationFormCode codeList="http://www.isotc211.org/2005/resources/Codelist/gmxCodelists.xml#CI_PresentationFormCode" codeListValue="mapDigital" codeSpace="ISOTC211/19115">mapDigital</CI_PresentationFormCode>
</presentationForm>
<collectiveTitle>
<gco:CharacterString>Ancillary base layers</gco:CharacterString>
</collectiveTitle>
</CI_Citation>
</citation>
<abstract>
<gco:CharacterString>This layer includes all elements related to the description of permanent water bodies, coastline, rivers network and auxiliary elements for the interpretation of the hydrography system. Buildings and equipment related to and functionally used for water regulation are mapped and classified respectively in the themes &#8216;buildings&#8217; and &#8216;facilities&#8217;.</gco:CharacterString>
</abstract>
<purpose>
<gco:CharacterString>Hydrography system (permanent water bodies, coastline, rivers network and auxiliary elements).</gco:CharacterString>
</purpose>
<credit>
<gco:CharacterString>&#169; European Union</gco:CharacterString>
</credit>
<pointOfContact>
<CI_ResponsibleParty>
<individualName>
<gco:CharacterString>On duty Operator</gco:CharacterString>
</individualName>
<organisationName>
<gco:CharacterString>Copernicus EMS Rapid Mapping Team</gco:CharacterString>
</organisationName>
<positionName>
<gco:CharacterString>On duty Operator</gco:CharacterString>
</positionName>
<contactInfo>
<CI_Contact>
<phone>
<CI_Telephone>
<voice>
<gco:CharacterString>+39 06 4069-4501</gco:CharacterString>
</voice>
<facsimile>
<gco:CharacterString>+39 06 4099-9893</gco:CharacterString>
</facsimile>
</CI_Telephone>
</phone>
<address>
<CI_Address>
<electronicMailAddress>
<gco:CharacterString>rapidmapping@ems-copernicus.eu</gco:CharacterString>
</electronicMailAddress>
</CI_Address>
</address>
</CI_Contact>
</contactInfo>
<role>
<CI_RoleCode codeList="http://www.isotc211.org/2005/resources/Codelist/gmxCodelists.xml#CI_RoleCode" codeListValue="pointOfContact" codeSpace="ISOTC211/19115">pointOfContact</CI_RoleCode>
</role>
</CI_ResponsibleParty>
</pointOfContact>
<resourceMaintenance>
<MD_MaintenanceInformation>
<maintenanceAndUpdateFrequency>
<MD_MaintenanceFrequencyCode codeList="http://www.isotc211.org/2005/resources/Codelist/gmxCodelists.xml#MD_MaintenanceFrequencyCode" codeListValue="notPlanned" codeSpace="ISOTC211/19115">notPlanned</MD_MaintenanceFrequencyCode>
</maintenanceAndUpdateFrequency>
</MD_MaintenanceInformation>
</resourceMaintenance>
<descriptiveKeywords>
<MD_Keywords>
<keyword>
<gco:CharacterString>Vector</gco:CharacterString>
</keyword>
<keyword>
<gco:CharacterString>AOI</gco:CharacterString>
</keyword>
</MD_Keywords>
</descriptiveKeywords>
<descriptiveKeywords>
<MD_Keywords>
<keyword>
<gco:CharacterString>Downloadable Data</gco:CharacterString>
</keyword>
<thesaurusName uuidref="723f6998-058e-11dc-8314-0800200c9a66">
</thesaurusName>
</MD_Keywords>
</descriptiveKeywords>
<resourceConstraints>
<MD_Constraints>
<useLimitation>
<gco:CharacterString>For full Copyright notice visit http://emergency.copernicus.eu/mapping/ems/cite-copernicus-ems-mapping-portal</gco:CharacterString>
</useLimitation>
</MD_Constraints>
</resourceConstraints>
<resourceConstraints>
<MD_LegalConstraints>
<accessConstraints>
<MD_RestrictionCode codeList="http://www.isotc211.org/2005/resources/Codelist/gmxCodelists.xml#MD_RestrictionCode" codeListValue="copyright" codeSpace="ISOTC211/19115">copyright</MD_RestrictionCode>
</accessConstraints>
</MD_LegalConstraints>
</resourceConstraints>
<spatialRepresentationType>
<MD_SpatialRepresentationTypeCode codeList="http://www.isotc211.org/2005/resources/Codelist/gmxCodelists.xml#MD_SpatialRepresentationTypeCode" codeListValue="vector" codeSpace="ISOTC211/19115">vector</MD_SpatialRepresentationTypeCode>
</spatialRepresentationType>
<spatialResolution>
<MD_Resolution>
<equivalentScale>
<MD_RepresentativeFraction>
<denominator>
<gco:Integer>10000</gco:Integer>
<mmu>
<gco:Integer>100</gco:Integer>
</mmu>
</denominator>
</MD_RepresentativeFraction>
</equivalentScale>
</MD_Resolution>
</spatialResolution>
<spatialResolution>
<MD_Resolution>
<distance>
<gco:Distance uom="m">2.5</gco:Distance>
</distance>
</MD_Resolution>
</spatialResolution>
<language>
<LanguageCode codeList="http://www.loc.gov/standards/iso639-2/php/code_list.php" codeListValue="eng" codeSpace="ISO639-2">eng</LanguageCode>
</language>
<characterSet>
<MD_CharacterSetCode codeList="http://www.isotc211.org/2005/resources/Codelist/gmxCodelists.xml#MD_CharacterSetCode" codeListValue="utf8" codeSpace="ISOTC211/19115">utf8</MD_CharacterSetCode>
</characterSet>
<topicCategory>
<MD_TopicCategoryCode>society</MD_TopicCategoryCode>
</topicCategory>
<topicCategory>
<MD_TopicCategoryCode>imageryBaseMapsEarthCover</MD_TopicCategoryCode>
</topicCategory>
<topicCategory>
<MD_TopicCategoryCode>inlandWaters</MD_TopicCategoryCode>
</topicCategory>
<environmentDescription>
<gco:CharacterString>Microsoft Windows 7 Version 6.1 (Build 7601) Service Pack 1; Esri ArcGIS 12.2.1.12813</gco:CharacterString>
</environmentDescription>
<extent>
<EX_Extent>
<geographicElement>
<EX_GeographicBoundingBox>
<extentTypeCode>
<gco:Boolean>true</gco:Boolean>
</extentTypeCode>
<westBoundLongitude>
<gco:Decimal>-17.94828533</gco:Decimal>
</westBoundLongitude>
<eastBoundLongitude>
<gco:Decimal>-17.832656416</gco:Decimal>
</eastBoundLongitude>
<southBoundLatitude>
<gco:Decimal>28.552031253</gco:Decimal>
</southBoundLatitude>
<northBoundLatitude>
<gco:Decimal>28.656119839</gco:Decimal>
</northBoundLatitude>
</EX_GeographicBoundingBox>
</geographicElement>
</EX_Extent>
</extent>
<extent>
<EX_Extent>
<geographicElement>
<EX_GeographicBoundingBox>
<extentTypeCode>
<gco:Boolean>true</gco:Boolean>
</extentTypeCode>
<westBoundLongitude>
<gco:Decimal>-17.94828533</gco:Decimal>
</westBoundLongitude>
<eastBoundLongitude>
<gco:Decimal>-17.832656416</gco:Decimal>
</eastBoundLongitude>
<southBoundLatitude>
<gco:Decimal>28.552031253</gco:Decimal>
</southBoundLatitude>
<northBoundLatitude>
<gco:Decimal>28.656119839</gco:Decimal>
</northBoundLatitude>
</EX_GeographicBoundingBox>
</geographicElement>
</EX_Extent>
</extent>
</MD_DataIdentification>
</identificationInfo>
<distributionInfo>
<MD_Distribution>
<distributionFormat>
<MD_Format>
<name>
<gco:CharacterString>File Geodatabase Feature Class</gco:CharacterString>
</name>
<version>
<gco:CharacterString>IV, V</gco:CharacterString>
</version>
</MD_Format>
</distributionFormat>
<transferOptions>
<MD_DigitalTransferOptions>
<transferSize>
<gco:Real>0.001</gco:Real>
</transferSize>
</MD_DigitalTransferOptions>
</transferOptions>
</MD_Distribution>
</distributionInfo>
<dataQualityInfo>
<DQ_DataQuality>
<scope>
<DQ_Scope>
<level>
<MD_ScopeCode codeList="http://www.isotc211.org/2005/resources/Codelist/gmxCodelists.xml#MD_ScopeCode" codeListValue="feature" codeSpace="ISOTC211/19115">feature</MD_ScopeCode>
</level>
</DQ_Scope>
</scope>
</DQ_DataQuality>
</dataQualityInfo>
<metadataMaintenance>
<MD_MaintenanceInformation>
<maintenanceAndUpdateFrequency>
<MD_MaintenanceFrequencyCode codeList="http://www.isotc211.org/2005/resources/Codelist/gmxCodelists.xml#MD_MaintenanceFrequencyCode" codeListValue="notPlanned" codeSpace="ISOTC211/19115">notPlanned</MD_MaintenanceFrequencyCode>
</maintenanceAndUpdateFrequency>
</MD_MaintenanceInformation>
</metadataMaintenance>
</MD_Metadata>