{
"type": "FeatureCollection",
"features": [
{ "type": "Feature", "properties": { "obj_type": "Image Footprint", "or_src_id": 1 }, "geometry": { "type": "Polygon", "coordinates": [ [ [ -18.010510, 28.865661 ], [ -17.712139, 28.866103 ], [ -17.714346, 28.450325 ], [ -18.008745, 28.452974 ], [ -18.010510, 28.865661 ] ] ] } }
,
{ "type": "Feature", "properties": { "obj_type": "Image Footprint", "or_src_id": 2 }, "geometry": { "type": "Polygon", "coordinates": [ [ [ -17.985801, 28.649473 ], [ -17.855554, 28.672141 ], [ -17.856660, 28.661024 ], [ -17.851267, 28.644561 ], [ -17.847956, 28.581063 ], [ -17.965594, 28.560638 ], [ -17.985801, 28.649473 ] ] ] } }
,
{ "type": "Feature", "properties": { "obj_type": "Not Analysed - No data", "or_src_id": 2 }, "geometry": { "type": "Polygon", "coordinates": [ [ [ -17.834187, 28.589246 ], [ -17.848310, 28.587850 ], [ -17.850604, 28.631845 ], [ -17.851256, 28.644347 ], [ -17.856533, 28.660636 ], [ -17.856582, 28.661702 ], [ -17.836305, 28.664446 ], [ -17.832658, 28.644794 ], [ -17.833556, 28.610037 ], [ -17.834187, 28.589246 ] ] ] } }

]
}
