{
"type": "FeatureCollection",
"features": [
{ "type": "Feature", "properties": { "event_type": "2-Volcanic Activity", "obj_desc": "Vent", "det_method": "Photo-interpretation", "notation": "Not Applicable", "dmg_src_id": 46, "thick_mm": 0.000000 }, "geometry": { "type": "Point", "coordinates": [ -17.864527, 28.612911 ] } }
,
{ "type": "Feature", "properties": { "event_type": "2-Volcanic Activity", "obj_desc": "Vent", "det_method": "Photo-interpretation", "notation": "Not Applicable", "dmg_src_id": 46, "thick_mm": 0.000000 }, "geometry": { "type": "Point", "coordinates": [ -17.864865, 28.613284 ] } }
,
{ "type": "Feature", "properties": { "event_type": "2-Volcanic Activity", "obj_desc": "Vent", "det_method": "Photo-interpretation", "notation": "Not Applicable", "dmg_src_id": 46, "thick_mm": 0.000000 }, "geometry": { "type": "Point", "coordinates": [ -17.865459, 28.612676 ] } }
,
{ "type": "Feature", "properties": { "event_type": "2-Volcanic Activity", "obj_desc": "Vent", "det_method": "Photo-interpretation", "notation": "Not Applicable", "dmg_src_id": 47, "thick_mm": 0.000000 }, "geometry": { "type": "Point", "coordinates": [ -17.866883, 28.614018 ] } }
,
{ "type": "Feature", "properties": { "event_type": "2-Volcanic Activity", "obj_desc": "Vent", "det_method": "Photo-interpretation", "notation": "Not Applicable", "dmg_src_id": 47, "thick_mm": 0.000000 }, "geometry": { "type": "Point", "coordinates": [ -17.866345, 28.613833 ] } }
,
{ "type": "Feature", "properties": { "event_type": "2-Volcanic Activity", "obj_desc": "Vent", "det_method": "Photo-interpretation", "notation": "Not Applicable", "dmg_src_id": 47, "thick_mm": 0.000000 }, "geometry": { "type": "Point", "coordinates": [ -17.870611, 28.616081 ] } }
,
{ "type": "Feature", "properties": { "event_type": "2-Volcanic Activity", "obj_desc": "Vent", "det_method": "Photo-interpretation", "notation": "Not Applicable", "dmg_src_id": 47, "thick_mm": 0.000000 }, "geometry": { "type": "Point", "coordinates": [ -17.869903, 28.615658 ] } }
,
{ "type": "Feature", "properties": { "event_type": "2-Volcanic Activity", "obj_desc": "Vent", "det_method": "Photo-interpretation", "notation": "Not Applicable", "dmg_src_id": 47, "thick_mm": 0.000000 }, "geometry": { "type": "Point", "coordinates": [ -17.867995, 28.614505 ] } }
,
{ "type": "Feature", "properties": { "event_type": "2-Volcanic Activity", "obj_desc": "Vent", "det_method": "Photo-interpretation", "notation": "Not Applicable", "dmg_src_id": 47, "thick_mm": 0.000000 }, "geometry": { "type": "Point", "coordinates": [ -17.869389, 28.614950 ] } }

]
}
